timestamp,index,temperature.gpu,power.draw,memory.used,utilization.gpu
2026/04/05 13:32:23,card0,49.0,244.0,1312618619,0
2026/04/05 13:32:23,card1,46.0,242.0,1304291309,0
2026/04/05 13:32:23,card2,47.0,244.0,1314493016,0
2026/04/05 13:32:23,card3,48.0,248.0,1336938988,0
2026/04/05 13:32:23,card4,51.0,244.0,3358207005,0
2026/04/05 13:32:23,card5,49.0,248.0,3353658730,0
2026/04/05 13:32:23,card6,47.0,242.0,3366975798,0
2026/04/05 13:32:23,card7,49.0,242.0,3355097459,0
2026/04/05 13:32:23,,,,,
2026/04/05 13:32:25,card0,49.0,254.0,1312620060,0
2026/04/05 13:32:25,card1,46.0,250.0,1304292582,0
2026/04/05 13:32:25,card2,47.0,251.0,1314494322,0
2026/04/05 13:32:25,card3,47.0,257.0,1336940421,0
2026/04/05 13:32:25,card4,51.0,250.0,3358208340,0
2026/04/05 13:32:25,card5,49.0,256.0,3353660012,0
2026/04/05 13:32:25,card6,47.0,249.0,3366977121,0
2026/04/05 13:32:25,card7,49.0,250.0,3355098783,0
2026/04/05 13:32:25,,,,,
2026/04/05 13:32:27,card0,49.0,253.0,1312620060,0
2026/04/05 13:32:27,card1,46.0,250.0,1304292582,0
2026/04/05 13:32:27,card2,47.0,251.0,1314494322,0
2026/04/05 13:32:27,card3,47.0,257.0,1336940421,0
2026/04/05 13:32:27,card4,51.0,250.0,3358208340,0
2026/04/05 13:32:27,card5,49.0,256.0,3353660012,0
2026/04/05 13:32:27,card6,47.0,249.0,3366977121,0
2026/04/05 13:32:27,card7,49.0,250.0,3355098783,0
2026/04/05 13:32:27,,,,,
2026/04/05 13:32:29,card0,49.0,253.0,1312621480,0
2026/04/05 13:32:29,card1,46.0,250.0,1304293887,0
2026/04/05 13:32:29,card2,47.0,251.0,1314495628,0
2026/04/05 13:32:29,card3,48.0,256.0,1336941870,0
2026/04/05 13:32:29,card4,51.0,250.0,3358209718,0
2026/04/05 13:32:29,card5,49.0,256.0,3353661372,0
2026/04/05 13:32:29,card6,47.0,248.0,3366978514,0
2026/04/05 13:32:29,card7,49.0,250.0,3355100173,0
2026/04/05 13:32:29,,,,,
2026/04/05 13:32:31,card0,49.0,253.0,1312621480,0
2026/04/05 13:32:31,card1,46.0,249.0,1304293887,0
2026/04/05 13:32:31,card2,47.0,251.0,1314495628,0
2026/04/05 13:32:31,card3,47.0,256.0,1336941870,0
2026/04/05 13:32:31,card4,51.0,250.0,3358209718,0
2026/04/05 13:32:31,card5,49.0,256.0,3353661372,0
2026/04/05 13:32:31,card6,47.0,249.0,3366978514,0
2026/04/05 13:32:31,card7,49.0,250.0,3355100173,0
2026/04/05 13:32:31,,,,,
2026/04/05 13:32:33,card0,49.0,253.0,1312627209,0
2026/04/05 13:32:33,card1,46.0,249.0,1304299336,0
2026/04/05 13:32:33,card2,47.0,251.0,1314501228,0
2026/04/05 13:32:33,card3,47.0,257.0,1336947624,0
2026/04/05 13:32:33,card4,51.0,250.0,3358215080,0
2026/04/05 13:32:33,card5,49.0,256.0,3353666964,0
2026/04/05 13:32:33,card6,47.0,249.0,3366983943,0
2026/04/05 13:32:33,card7,49.0,250.0,3355105663,0
2026/04/05 13:32:33,,,,,
2026/04/05 13:32:36,card0,49.0,253.0,1312628124,0
2026/04/05 13:32:36,card1,46.0,250.0,1304300174,0
2026/04/05 13:32:36,card2,47.0,251.0,1314502104,0
2026/04/05 13:32:36,card3,47.0,256.0,1336948497,0
2026/04/05 13:32:36,card4,51.0,249.0,3358215948,0
2026/04/05 13:32:36,card5,49.0,256.0,3353667869,0
2026/04/05 13:32:36,card6,47.0,249.0,3366984822,0
2026/04/05 13:32:36,card7,49.0,250.0,3355106545,0
2026/04/05 13:32:36,,,,,
2026/04/05 13:32:38,card0,49.0,300.0,1312633452,0
2026/04/05 13:32:38,card1,46.0,296.0,1304305391,0
2026/04/05 13:32:38,card2,47.0,300.0,1314507096,0
2026/04/05 13:32:38,card3,47.0,303.0,1336953541,0
2026/04/05 13:32:38,card4,51.0,266.0,3358221804,0
2026/04/05 13:32:38,card5,49.0,272.0,3353673804,0
2026/04/05 13:32:38,card6,47.0,264.0,3366990716,0
2026/04/05 13:32:38,card7,49.0,266.0,3355112552,0
2026/04/05 13:32:38,,,,,
2026/04/05 13:32:40,card0,49.0,297.0,1312659466,0
2026/04/05 13:32:40,card1,46.0,293.0,1304331523,0
2026/04/05 13:32:40,card2,47.0,296.0,1314533019,0
2026/04/05 13:32:40,card3,48.0,299.0,1336978964,0
2026/04/05 13:32:40,card4,51.0,250.0,3358250201,0
2026/04/05 13:32:40,card5,49.0,256.0,3353703184,0
2026/04/05 13:32:40,card6,47.0,249.0,3367020247,0
2026/04/05 13:32:40,card7,49.0,250.0,3355142019,0
2026/04/05 13:32:40,,,,,
2026/04/05 13:32:42,card0,49.0,302.0,1312682538,0
2026/04/05 13:32:42,card1,46.0,294.0,1304351822,0
2026/04/05 13:32:42,card2,48.0,300.0,1314559044,0
2026/04/05 13:32:42,card3,48.0,302.0,1337002549,0
2026/04/05 13:32:42,card4,51.0,250.0,3358250201,0
2026/04/05 13:32:42,card5,49.0,256.0,3353703184,0
2026/04/05 13:32:42,card6,47.0,248.0,3367020247,0
2026/04/05 13:32:42,card7,49.0,250.0,3355142019,0
2026/04/05 13:32:42,,,,,
2026/04/05 13:32:44,card0,49.0,301.0,1312707177,0
2026/04/05 13:32:44,card1,46.0,296.0,1304379345,0
2026/04/05 13:32:44,card2,48.0,299.0,1314583219,0
2026/04/05 13:32:44,card3,48.0,303.0,1337026919,0
2026/04/05 13:32:44,card4,51.0,245.0,3358250201,0
2026/04/05 13:32:44,card5,49.0,248.0,3353703184,0
2026/04/05 13:32:44,card6,47.0,242.0,3367020247,0
2026/04/05 13:32:44,card7,49.0,243.0,3355142019,0
2026/04/05 13:32:44,,,,,
2026/04/05 13:32:46,card0,49.0,298.0,1312735257,0
2026/04/05 13:32:46,card1,46.0,295.0,1304410132,0
2026/04/05 13:32:46,card2,47.0,299.0,1314612314,0
2026/04/05 13:32:46,card3,48.0,301.0,1337044558,0
2026/04/05 13:32:46,card4,51.0,244.0,3358250201,0
2026/04/05 13:32:46,card5,49.0,247.0,3353703184,0
2026/04/05 13:32:46,card6,46.0,242.0,3367020247,0
2026/04/05 13:32:46,card7,49.0,242.0,3355142019,0
2026/04/05 13:32:46,,,,,
2026/04/05 13:32:48,card0,49.0,299.0,1312759736,0
2026/04/05 13:32:48,card1,46.0,295.0,1304432770,0
2026/04/05 13:32:48,card2,47.0,300.0,1314641658,0
2026/04/05 13:32:48,card3,48.0,301.0,1337074469,0
2026/04/05 13:32:48,card4,51.0,244.0,3358250201,0
2026/04/05 13:32:48,card5,49.0,247.0,3353703184,0
2026/04/05 13:32:48,card6,46.0,241.0,3367020247,0
2026/04/05 13:32:48,card7,49.0,242.0,3355142019,0
2026/04/05 13:32:48,,,,,
2026/04/05 13:32:50,card0,49.0,296.0,1312787234,0
2026/04/05 13:32:50,card1,46.0,293.0,1304454376,0
2026/04/05 13:32:50,card2,47.0,302.0,1314667976,0
2026/04/05 13:32:50,card3,48.0,304.0,1337099222,0
2026/04/05 13:32:50,card4,51.0,244.0,3358250201,0
2026/04/05 13:32:50,card5,49.0,247.0,3353703184,0
2026/04/05 13:32:50,card6,47.0,242.0,3367020247,0
2026/04/05 13:32:50,card7,49.0,242.0,3355142019,0
2026/04/05 13:32:50,,,,,
2026/04/05 13:32:53,card0,49.0,299.0,1312815387,0
2026/04/05 13:32:53,card1,46.0,296.0,1304487145,0
2026/04/05 13:32:53,card2,47.0,298.0,1314696799,0
2026/04/05 13:32:53,card3,48.0,302.0,1337125886,0
2026/04/05 13:32:53,card4,51.0,244.0,3358250201,0
2026/04/05 13:32:53,card5,49.0,247.0,3353703184,0
2026/04/05 13:32:53,card6,47.0,242.0,3367020247,0
2026/04/05 13:32:53,card7,49.0,242.0,3355142019,0
2026/04/05 13:32:53,,,,,
2026/04/05 13:32:55,card0,49.0,299.0,1312844593,0
2026/04/05 13:32:55,card1,46.0,296.0,1304513778,0
2026/04/05 13:32:55,card2,47.0,299.0,1314718427,0
2026/04/05 13:32:55,card3,48.0,302.0,1337146455,0
2026/04/05 13:32:55,card4,51.0,244.0,3358250201,0
2026/04/05 13:32:55,card5,49.0,247.0,3353703184,0
2026/04/05 13:32:55,card6,47.0,241.0,3367020247,0
2026/04/05 13:32:55,card7,49.0,242.0,3355142019,0
2026/04/05 13:32:55,,,,,
2026/04/05 13:32:57,card0,49.0,299.0,1312866951,0
2026/04/05 13:32:57,card1,46.0,295.0,1304533499,0
2026/04/05 13:32:57,card2,47.0,299.0,1314746270,0
2026/04/05 13:32:57,card3,48.0,303.0,1337175888,0
2026/04/05 13:32:57,card4,51.0,244.0,3358250201,0
2026/04/05 13:32:57,card5,49.0,247.0,3353703184,0
2026/04/05 13:32:57,card6,46.0,241.0,3367020247,0
2026/04/05 13:32:57,card7,49.0,242.0,3355142019,0
2026/04/05 13:32:57,,,,,
2026/04/05 13:32:59,card0,49.0,301.0,1312896973,0
2026/04/05 13:32:59,card1,46.0,297.0,1304566907,0
2026/04/05 13:32:59,card2,47.0,299.0,1314784576,0
2026/04/05 13:32:59,card3,48.0,302.0,1337202635,0
2026/04/05 13:32:59,card4,50.0,244.0,3358250201,0
2026/04/05 13:32:59,card5,48.0,247.0,3353703184,0
2026/04/05 13:32:59,card6,46.0,241.0,3367020247,0
2026/04/05 13:32:59,card7,49.0,242.0,3355142019,0
2026/04/05 13:32:59,,,,,
2026/04/05 13:33:01,card0,49.0,302.0,1312932957,0
2026/04/05 13:33:01,card1,46.0,295.0,1304594837,0
2026/04/05 13:33:01,card2,47.0,302.0,1314815969,0
2026/04/05 13:33:01,card3,48.0,304.0,1337230844,0
2026/04/05 13:33:01,card4,51.0,244.0,3358250201,0
2026/04/05 13:33:01,card5,48.0,248.0,3353703184,0
2026/04/05 13:33:01,card6,46.0,241.0,3367020247,0
2026/04/05 13:33:01,card7,49.0,242.0,3355142019,0
2026/04/05 13:33:01,,,,,
2026/04/05 13:33:03,card0,49.0,299.0,1312963423,0
2026/04/05 13:33:03,card1,46.0,295.0,1304624843,0
2026/04/05 13:33:03,card2,47.0,298.0,1314843388,0
2026/04/05 13:33:03,card3,48.0,301.0,1337262794,0
2026/04/05 13:33:03,card4,50.0,244.0,3358250201,0
2026/04/05 13:33:03,card5,48.0,247.0,3353703184,0
2026/04/05 13:33:03,card6,46.0,241.0,3367020247,0
2026/04/05 13:33:03,card7,49.0,242.0,3355142019,0
2026/04/05 13:33:03,,,,,
2026/04/05 13:33:05,card0,49.0,299.0,1312994212,0
2026/04/05 13:33:05,card1,46.0,295.0,1304657108,0
2026/04/05 13:33:05,card2,47.0,299.0,1314881781,0
2026/04/05 13:33:05,card3,48.0,303.0,1337295190,0
2026/04/05 13:33:05,card4,50.0,244.0,3358250201,0
2026/04/05 13:33:05,card5,48.0,247.0,3353703184,0
2026/04/05 13:33:05,card6,46.0,242.0,3367020247,0
2026/04/05 13:33:05,card7,49.0,242.0,3355142019,0
2026/04/05 13:33:05,,,,,
2026/04/05 13:33:07,card0,49.0,299.0,1313028908,0
2026/04/05 13:33:07,card1,46.0,295.0,1304684343,0
2026/04/05 13:33:07,card2,47.0,298.0,1314913088,0
2026/04/05 13:33:07,card3,48.0,301.0,1337319116,0
2026/04/05 13:33:07,card4,50.0,244.0,3358250201,0
2026/04/05 13:33:07,card5,48.0,247.0,3353703184,0
2026/04/05 13:33:07,card6,46.0,241.0,3367020247,0
2026/04/05 13:33:07,card7,49.0,242.0,3355142019,0
2026/04/05 13:33:07,,,,,
2026/04/05 13:33:10,card0,49.0,301.0,1313062363,0
2026/04/05 13:33:10,card1,46.0,295.0,1304718042,0
2026/04/05 13:33:10,card2,47.0,298.0,1314945085,0
2026/04/05 13:33:10,card3,48.0,302.0,1337355162,0
2026/04/05 13:33:10,card4,50.0,244.0,3358250201,0
2026/04/05 13:33:10,card5,48.0,247.0,3353703184,0
2026/04/05 13:33:10,card6,46.0,241.0,3367020247,0
2026/04/05 13:33:10,card7,49.0,242.0,3355142019,0
2026/04/05 13:33:10,,,,,
2026/04/05 13:33:12,card0,49.0,301.0,1313094624,0
2026/04/05 13:33:12,card1,46.0,295.0,1304745687,0
2026/04/05 13:33:12,card2,47.0,299.0,1314974938,0
2026/04/05 13:33:12,card3,48.0,301.0,1337381595,0
2026/04/05 13:33:12,card4,51.0,244.0,3358250201,0
2026/04/05 13:33:12,card5,48.0,247.0,3353703184,0
2026/04/05 13:33:12,card6,46.0,241.0,3367020247,0
2026/04/05 13:33:12,card7,49.0,242.0,3355142019,0
2026/04/05 13:33:12,,,,,
2026/04/05 13:33:14,card0,49.0,299.0,1313123428,0
2026/04/05 13:33:14,card1,46.0,294.0,1304782627,0
2026/04/05 13:33:14,card2,47.0,298.0,1315011294,0
2026/04/05 13:33:14,card3,48.0,301.0,1337414151,0
2026/04/05 13:33:14,card4,50.0,244.0,3358250201,0
2026/04/05 13:33:14,card5,48.0,247.0,3353703184,0
2026/04/05 13:33:14,card6,46.0,241.0,3367020247,0
2026/04/05 13:33:14,card7,49.0,242.0,3355142019,0
2026/04/05 13:33:14,,,,,
2026/04/05 13:33:16,card0,49.0,299.0,1313156702,0
2026/04/05 13:33:16,card1,46.0,298.0,1304819349,0
2026/04/05 13:33:16,card2,47.0,298.0,1315042954,0
2026/04/05 13:33:16,card3,48.0,302.0,1337443587,0
2026/04/05 13:33:16,card4,50.0,244.0,3358250201,0
2026/04/05 13:33:16,card5,48.0,247.0,3353703184,0
2026/04/05 13:33:16,card6,46.0,241.0,3367020247,0
2026/04/05 13:33:16,card7,49.0,242.0,3355142019,0
2026/04/05 13:33:16,,,,,
2026/04/05 13:33:18,card0,49.0,299.0,1313189662,0
2026/04/05 13:33:18,card1,46.0,294.0,1304849195,0
2026/04/05 13:33:18,card2,47.0,298.0,1315074947,0
2026/04/05 13:33:18,card3,48.0,301.0,1337477513,0
2026/04/05 13:33:18,card4,50.0,244.0,3358250201,0
2026/04/05 13:33:18,card5,48.0,247.0,3353703184,0
2026/04/05 13:33:18,card6,46.0,241.0,3367020247,0
2026/04/05 13:33:18,card7,49.0,242.0,3355142019,0
2026/04/05 13:33:18,,,,,
2026/04/05 13:33:20,card0,49.0,299.0,1313221597,0
2026/04/05 13:33:20,card1,46.0,295.0,1304881175,0
2026/04/05 13:33:20,card2,47.0,302.0,1315112796,0
2026/04/05 13:33:20,card3,48.0,301.0,1337510171,0
2026/04/05 13:33:20,card4,50.0,244.0,3358250201,0
2026/04/05 13:33:20,card5,48.0,247.0,3353703184,0
2026/04/05 13:33:20,card6,46.0,242.0,3367020247,0
2026/04/05 13:33:20,card7,49.0,242.0,3355142019,0
2026/04/05 13:33:20,,,,,
2026/04/05 13:33:22,card0,49.0,299.0,1313250735,0
2026/04/05 13:33:22,card1,46.0,294.0,1304913925,0
2026/04/05 13:33:22,card2,47.0,298.0,1315142608,0
2026/04/05 13:33:22,card3,48.0,301.0,1337539282,0
2026/04/05 13:33:22,card4,50.0,244.0,3358250201,0
2026/04/05 13:33:22,card5,48.0,247.0,3353703184,0
2026/04/05 13:33:22,card6,46.0,241.0,3367020247,0
2026/04/05 13:33:22,card7,49.0,242.0,3355142019,0
2026/04/05 13:33:22,,,,,
2026/04/05 13:33:25,card0,49.0,299.0,1313284151,0
2026/04/05 13:33:25,card1,46.0,296.0,1304950845,0
2026/04/05 13:33:25,card2,47.0,300.0,1315178234,0
2026/04/05 13:33:25,card3,48.0,302.0,1337572720,0
2026/04/05 13:33:25,card4,50.0,244.0,3358250201,0
2026/04/05 13:33:25,card5,48.0,247.0,3353703184,0
2026/04/05 13:33:25,card6,46.0,241.0,3367020247,0
2026/04/05 13:33:25,card7,49.0,242.0,3355142019,0
2026/04/05 13:33:25,,,,,
2026/04/05 13:33:27,card0,49.0,300.0,1313316426,0
2026/04/05 13:33:27,card1,46.0,297.0,1304981874,0
2026/04/05 13:33:27,card2,47.0,298.0,1315206958,0
2026/04/05 13:33:27,card3,48.0,301.0,1337602051,0
2026/04/05 13:33:27,card4,50.0,244.0,3358250201,0
2026/04/05 13:33:27,card5,48.0,247.0,3353703184,0
2026/04/05 13:33:27,card6,46.0,241.0,3367020247,0
2026/04/05 13:33:27,card7,49.0,242.0,3355142019,0
2026/04/05 13:33:27,,,,,
2026/04/05 13:33:29,card0,49.0,299.0,1313345817,0
2026/04/05 13:33:29,card1,46.0,295.0,1305016844,0
2026/04/05 13:33:29,card2,47.0,301.0,1315247352,0
2026/04/05 13:33:29,card3,48.0,302.0,1337637894,0
2026/04/05 13:33:29,card4,50.0,244.0,3358250201,0
2026/04/05 13:33:29,card5,48.0,247.0,3353703184,0
2026/04/05 13:33:29,card6,46.0,241.0,3367020247,0
2026/04/05 13:33:29,card7,49.0,242.0,3355142019,0
2026/04/05 13:33:29,,,,,
2026/04/05 13:33:31,card0,49.0,299.0,1313378504,0
2026/04/05 13:33:31,card1,46.0,346.0,1305049233,2
2026/04/05 13:33:31,card2,47.0,692.0,1315281400,11
2026/04/05 13:33:31,card3,48.0,299.0,1337659842,0
2026/04/05 13:33:31,card4,50.0,250.0,3358250399,0
2026/04/05 13:33:31,card5,48.0,255.0,3353703400,0
2026/04/05 13:33:31,card6,46.0,248.0,3367020463,0
2026/04/05 13:33:31,card7,49.0,250.0,3355142229,0
2026/04/05 13:33:31,,,,,
2026/04/05 13:33:33,card0,49.0,296.0,1313389589,0
2026/04/05 13:33:33,card1,46.0,292.0,1305049314,0
2026/04/05 13:33:33,card2,47.0,295.0,1315282031,0
2026/04/05 13:33:33,card3,48.0,298.0,1337659926,0
2026/04/05 13:33:33,card4,50.0,249.0,3358250599,0
2026/04/05 13:33:33,card5,48.0,256.0,3353703601,0
2026/04/05 13:33:33,card6,46.0,248.0,3367020662,0
2026/04/05 13:33:33,card7,49.0,249.0,3355142429,0
2026/04/05 13:33:33,,,,,
2026/04/05 13:33:35,card0,49.0,295.0,1313390071,0
2026/04/05 13:33:35,card1,46.0,302.0,1305060620,0
2026/04/05 13:33:35,card2,47.0,295.0,1315282509,0
2026/04/05 13:33:35,card3,48.0,314.0,1337739547,0
2026/04/05 13:33:35,card4,50.0,251.0,3358251425,0
2026/04/05 13:33:35,card5,48.0,256.0,3353704387,0
2026/04/05 13:33:35,card6,46.0,250.0,3367021487,0
2026/04/05 13:33:35,card7,49.0,251.0,3355143260,0
2026/04/05 13:33:35,,,,,
2026/04/05 13:33:37,card0,50.0,318.0,1313451205,1
2026/04/05 13:33:37,card1,47.0,311.0,1305249494,1
2026/04/05 13:33:37,card2,48.0,316.0,1315442176,1
2026/04/05 13:33:37,card3,48.0,319.0,1337928195,1
2026/04/05 13:33:37,card4,50.0,264.0,3358257029,0
2026/04/05 13:33:37,card5,48.0,271.0,3353710027,0
2026/04/05 13:33:37,card6,46.0,263.0,3367027228,0
2026/04/05 13:33:37,card7,49.0,265.0,3355149002,0
2026/04/05 13:33:37,,,,,
2026/04/05 13:33:39,card0,49.0,320.0,1313500251,1
2026/04/05 13:33:39,card1,46.0,325.0,1305301279,1
2026/04/05 13:33:39,card2,47.0,322.0,1315492976,1
2026/04/05 13:33:39,card3,48.0,336.0,1337976867,2
2026/04/05 13:33:39,card4,51.0,252.0,3358297132,0
2026/04/05 13:33:39,card5,48.0,258.0,3353751724,0
2026/04/05 13:33:39,card6,46.0,251.0,3367068379,0
2026/04/05 13:33:39,card7,49.0,252.0,3355190303,0
2026/04/05 13:33:39,,,,,
2026/04/05 13:33:42,card0,49.0,296.0,1313535375,0
2026/04/05 13:33:42,card1,46.0,291.0,1305332954,0
2026/04/05 13:33:42,card2,47.0,295.0,1315527866,0
2026/04/05 13:33:42,card3,48.0,298.0,1338011579,0
2026/04/05 13:33:42,card4,50.0,250.0,3358298001,0
2026/04/05 13:33:42,card5,48.0,255.0,3353752638,0
2026/04/05 13:33:42,card6,46.0,249.0,3367069253,0
2026/04/05 13:33:42,card7,49.0,249.0,3355191150,0
2026/04/05 13:33:42,,,,,
2026/04/05 13:33:44,card0,49.0,296.0,1313535375,0
2026/04/05 13:33:44,card1,46.0,291.0,1305332954,0
2026/04/05 13:33:44,card2,47.0,295.0,1315527866,0
2026/04/05 13:33:44,card3,48.0,299.0,1338011579,0
2026/04/05 13:33:44,card4,50.0,249.0,3358298001,0
2026/04/05 13:33:44,card5,48.0,255.0,3353752638,0
2026/04/05 13:33:44,card6,46.0,248.0,3367069253,0
2026/04/05 13:33:44,card7,49.0,250.0,3355191150,0
2026/04/05 13:33:44,,,,,
2026/04/05 13:33:46,card0,49.0,295.0,1313536108,0
2026/04/05 13:33:46,card1,46.0,290.0,1305333719,0
2026/04/05 13:33:46,card2,47.0,294.0,1315528589,0
2026/04/05 13:33:46,card3,48.0,297.0,1338012311,0
2026/04/05 13:33:46,card4,50.0,251.0,3358299368,0
2026/04/05 13:33:46,card5,48.0,256.0,3353753985,0
2026/04/05 13:33:46,card6,46.0,249.0,3367070621,0
2026/04/05 13:33:46,card7,49.0,251.0,3355192431,0
2026/04/05 13:33:46,,,,,
2026/04/05 13:33:48,card0,49.0,295.0,1313536108,0
2026/04/05 13:33:48,card1,46.0,290.0,1305333719,0
2026/04/05 13:33:48,card2,47.0,294.0,1315528589,0
2026/04/05 13:33:48,card3,48.0,297.0,1338012311,0
2026/04/05 13:33:48,card4,50.0,249.0,3358299368,0
2026/04/05 13:33:48,card5,48.0,255.0,3353753985,0
2026/04/05 13:33:48,card6,46.0,248.0,3367070621,0
2026/04/05 13:33:48,card7,49.0,250.0,3355192431,0
2026/04/05 13:33:48,,,,,
2026/04/05 13:33:50,card0,49.0,295.0,1313536795,0
2026/04/05 13:33:50,card1,46.0,291.0,1305334463,0
2026/04/05 13:33:50,card2,47.0,295.0,1315529320,0
2026/04/05 13:33:50,card3,48.0,298.0,1338013012,0
2026/04/05 13:33:50,card4,50.0,254.0,3358300711,0
2026/04/05 13:33:50,card5,48.0,259.0,3353755345,0
2026/04/05 13:33:50,card6,46.0,252.0,3367071938,0
2026/04/05 13:33:50,card7,49.0,253.0,3355193680,0
2026/04/05 13:33:50,,,,,
2026/04/05 13:33:52,card0,49.0,295.0,1313536795,0
2026/04/05 13:33:52,card1,46.0,290.0,1305334463,0
2026/04/05 13:33:52,card2,47.0,294.0,1315529320,0
2026/04/05 13:33:52,card3,48.0,297.0,1338013012,0
2026/04/05 13:33:52,card4,50.0,250.0,3358300711,0
2026/04/05 13:33:52,card5,48.0,255.0,3353755345,0
2026/04/05 13:33:52,card6,46.0,248.0,3367071938,0
2026/04/05 13:33:52,card7,49.0,250.0,3355193680,0
2026/04/05 13:33:52,,,,,
2026/04/05 13:33:54,card0,49.0,294.0,1313537476,0
2026/04/05 13:33:54,card1,46.0,290.0,1305335191,0
2026/04/05 13:33:54,card2,47.0,294.0,1315530076,0
2026/04/05 13:33:54,card3,48.0,297.0,1338013694,0
2026/04/05 13:33:54,card4,50.0,249.0,3358302056,0
2026/04/05 13:33:54,card5,48.0,255.0,3353756655,0
2026/04/05 13:33:54,card6,46.0,248.0,3367073270,0
2026/04/05 13:33:54,card7,49.0,249.0,3355194893,0
2026/04/05 13:33:54,,,,,
2026/04/05 13:33:56,card0,49.0,294.0,1313537476,0
2026/04/05 13:33:56,card1,46.0,290.0,1305335191,0
2026/04/05 13:33:56,card2,47.0,294.0,1315530076,0
2026/04/05 13:33:56,card3,48.0,297.0,1338013694,0
2026/04/05 13:33:56,card4,50.0,249.0,3358302056,0
2026/04/05 13:33:56,card5,48.0,255.0,3353756655,0
2026/04/05 13:33:56,card6,46.0,248.0,3367073270,0
2026/04/05 13:33:56,card7,49.0,249.0,3355194893,0
2026/04/05 13:33:56,,,,,
2026/04/05 13:33:59,card0,49.0,287.0,1313537701,0
2026/04/05 13:33:59,card1,46.0,282.0,1305335352,0
2026/04/05 13:33:59,card2,47.0,286.0,1315530231,0
2026/04/05 13:33:59,card3,47.0,289.0,1338013893,0
2026/04/05 13:33:59,card4,50.0,244.0,3358302056,0
2026/04/05 13:33:59,card5,48.0,247.0,3353756655,0
2026/04/05 13:33:59,card6,46.0,241.0,3367073270,0
2026/04/05 13:33:59,card7,49.0,242.0,3355194893,0
2026/04/05 13:33:59,,,,,
2026/04/05 13:34:01,card0,52.0,679.0,1313748826,11
2026/04/05 13:34:01,card1,49.0,679.0,1305546726,11
2026/04/05 13:34:01,card2,50.0,682.0,1315740900,11
2026/04/05 13:34:01,card3,50.0,683.0,1338225374,11
2026/04/05 13:34:01,card4,50.0,244.0,3358302056,0
2026/04/05 13:34:01,card5,48.0,247.0,3353756655,0
2026/04/05 13:34:01,card6,46.0,241.0,3367073270,0
2026/04/05 13:34:01,card7,48.0,242.0,3355194893,0
2026/04/05 13:34:01,,,,,
2026/04/05 13:34:03,card0,53.0,812.0,1313961426,34
2026/04/05 13:34:03,card1,50.0,804.0,1305759426,34
2026/04/05 13:34:03,card2,51.0,808.0,1315953600,34
2026/04/05 13:34:03,card3,51.0,805.0,1338438074,34
2026/04/05 13:34:03,card4,50.0,244.0,3358302056,0
2026/04/05 13:34:03,card5,48.0,247.0,3353756655,0
2026/04/05 13:34:03,card6,46.0,243.0,3367073270,0
2026/04/05 13:34:03,card7,49.0,242.0,3355194893,0
2026/04/05 13:34:03,,,,,
2026/04/05 13:34:05,card0,53.0,803.0,1314174326,34
2026/04/05 13:34:05,card1,51.0,802.0,1305972326,35
2026/04/05 13:34:05,card2,51.0,800.0,1316166600,34
2026/04/05 13:34:05,card3,52.0,793.0,1338651074,34
2026/04/05 13:34:05,card4,50.0,245.0,3358302056,0
2026/04/05 13:34:05,card5,48.0,248.0,3353756655,0
2026/04/05 13:34:05,card6,46.0,244.0,3367073270,0
2026/04/05 13:34:05,card7,48.0,243.0,3355194893,0
2026/04/05 13:34:05,,,,,
2026/04/05 13:34:07,card0,54.0,808.0,1314387126,34
2026/04/05 13:34:07,card1,51.0,797.0,1306185126,34
2026/04/05 13:34:07,card2,52.0,801.0,1316379300,33
2026/04/05 13:34:07,card3,52.0,803.0,1338863774,33
2026/04/05 13:34:07,card4,50.0,246.0,3358302056,0
2026/04/05 13:34:07,card5,48.0,250.0,3353756655,0
2026/04/05 13:34:07,card6,46.0,244.0,3367073270,0
2026/04/05 13:34:07,card7,48.0,243.0,3355194893,0
2026/04/05 13:34:07,,,,,
2026/04/05 13:34:09,card0,54.0,811.0,1314599726,33
2026/04/05 13:34:09,card1,51.0,795.0,1306397726,33
2026/04/05 13:34:09,card2,52.0,802.0,1316591900,33
2026/04/05 13:34:09,card3,52.0,797.0,1339076374,33
2026/04/05 13:34:09,card4,50.0,245.0,3358302056,0
2026/04/05 13:34:09,card5,48.0,249.0,3353756655,0
2026/04/05 13:34:09,card6,46.0,243.0,3367073270,0
2026/04/05 13:34:09,card7,48.0,243.0,3355194893,0
2026/04/05 13:34:09,,,,,
2026/04/05 13:34:11,card0,54.0,802.0,1314811626,33
2026/04/05 13:34:11,card1,51.0,811.0,1306609626,34
2026/04/05 13:34:11,card2,52.0,791.0,1316803900,33
2026/04/05 13:34:11,card3,52.0,798.0,1339288474,33
2026/04/05 13:34:11,card4,50.0,246.0,3358302056,0
2026/04/05 13:34:11,card5,48.0,250.0,3353756655,0
2026/04/05 13:34:11,card6,46.0,243.0,3367073270,0
2026/04/05 13:34:11,card7,48.0,243.0,3355194893,0
2026/04/05 13:34:11,,,,,
2026/04/05 13:34:13,card0,54.0,821.0,1315024326,33
2026/04/05 13:34:13,card1,51.0,812.0,1306822426,34
2026/04/05 13:34:13,card2,52.0,816.0,1317016700,33
2026/04/05 13:34:13,card3,52.0,806.0,1339500974,33
2026/04/05 13:34:13,card4,50.0,245.0,3358302056,0
2026/04/05 13:34:13,card5,48.0,249.0,3353756655,0
2026/04/05 13:34:13,card6,46.0,243.0,3367073270,0
2026/04/05 13:34:13,card7,49.0,244.0,3355194893,0
2026/04/05 13:34:13,,,,,
2026/04/05 13:34:16,card0,54.0,814.0,1315237526,33
2026/04/05 13:34:16,card1,51.0,801.0,1307035626,33
2026/04/05 13:34:16,card2,52.0,819.0,1317229800,33
2026/04/05 13:34:16,card3,53.0,804.0,1339714374,33
2026/04/05 13:34:16,card4,50.0,246.0,3358302056,0
2026/04/05 13:34:16,card5,48.0,249.0,3353756655,0
2026/04/05 13:34:16,card6,46.0,244.0,3367073270,0
2026/04/05 13:34:16,card7,49.0,243.0,3355194893,0
2026/04/05 13:34:16,,,,,
2026/04/05 13:34:18,card0,54.0,830.0,1315450126,33
2026/04/05 13:34:18,card1,51.0,806.0,1307248226,33
2026/04/05 13:34:18,card2,52.0,818.0,1317442400,33
2026/04/05 13:34:18,card3,53.0,804.0,1339926774,33
2026/04/05 13:34:18,card4,50.0,245.0,3358302056,0
2026/04/05 13:34:18,card5,48.0,249.0,3353756655,0
2026/04/05 13:34:18,card6,46.0,243.0,3367073270,0
2026/04/05 13:34:18,card7,49.0,244.0,3355194893,0
2026/04/05 13:34:18,,,,,
2026/04/05 13:34:20,card0,54.0,821.0,1315662626,33
2026/04/05 13:34:20,card1,51.0,815.0,1307460526,34
2026/04/05 13:34:20,card2,52.0,818.0,1317654700,33
2026/04/05 13:34:20,card3,53.0,801.0,1340139174,33
2026/04/05 13:34:20,card4,50.0,246.0,3358302056,0
2026/04/05 13:34:20,card5,48.0,249.0,3353756655,0
2026/04/05 13:34:20,card6,46.0,244.0,3367073270,0
2026/04/05 13:34:20,card7,49.0,244.0,3355194893,0
2026/04/05 13:34:20,,,,,
2026/04/05 13:34:22,card0,54.0,831.0,1315874926,34
2026/04/05 13:34:22,card1,51.0,826.0,1307672926,34
2026/04/05 13:34:22,card2,52.0,814.0,1317867100,34
2026/04/05 13:34:22,card3,53.0,813.0,1340351574,33
2026/04/05 13:34:22,card4,50.0,245.0,3358302056,0
2026/04/05 13:34:22,card5,48.0,248.0,3353756655,0
2026/04/05 13:34:22,card6,46.0,244.0,3367073270,0
2026/04/05 13:34:22,card7,49.0,244.0,3355194893,0
2026/04/05 13:34:22,,,,,
2026/04/05 13:34:24,card0,54.0,712.0,1316084058,12
2026/04/05 13:34:24,card1,51.0,715.0,1307882088,12
2026/04/05 13:34:24,card2,52.0,705.0,1318076226,12
2026/04/05 13:34:24,card3,52.0,697.0,1340560702,12
2026/04/05 13:34:24,card4,50.0,246.0,3358302056,0
2026/04/05 13:34:24,card5,48.0,248.0,3353756655,0
2026/04/05 13:34:24,card6,46.0,244.0,3367073270,0
2026/04/05 13:34:24,card7,49.0,244.0,3355194893,0
2026/04/05 13:34:24,,,,,
2026/04/05 13:34:26,card0,54.0,795.0,1316296758,33
2026/04/05 13:34:26,card1,51.0,796.0,1308094788,33
2026/04/05 13:34:26,card2,52.0,799.0,1318288926,33
2026/04/05 13:34:26,card3,52.0,790.0,1340773402,33
2026/04/05 13:34:26,card4,50.0,245.0,3358302056,0
2026/04/05 13:34:26,card5,48.0,249.0,3353756655,0
2026/04/05 13:34:26,card6,46.0,243.0,3367073270,0
2026/04/05 13:34:26,card7,49.0,244.0,3355194893,0
2026/04/05 13:34:26,,,,,
2026/04/05 13:34:28,card0,54.0,805.0,1316509558,33
2026/04/05 13:34:28,card1,51.0,798.0,1308307588,34
2026/04/05 13:34:28,card2,52.0,792.0,1318501726,33
2026/04/05 13:34:28,card3,53.0,783.0,1340986202,33
2026/04/05 13:34:28,card4,50.0,247.0,3358302056,0
2026/04/05 13:34:28,card5,48.0,250.0,3353756655,0
2026/04/05 13:34:28,card6,46.0,244.0,3367073270,0
2026/04/05 13:34:28,card7,49.0,243.0,3355194893,0
2026/04/05 13:34:28,,,,,
2026/04/05 13:34:30,card0,54.0,802.0,1316722258,33
2026/04/05 13:34:30,card1,51.0,810.0,1308520288,34
2026/04/05 13:34:30,card2,52.0,791.0,1318714426,33
2026/04/05 13:34:30,card3,53.0,784.0,1341199102,33
2026/04/05 13:34:30,card4,50.0,247.0,3358302056,0
2026/04/05 13:34:31,card5,48.0,249.0,3353756655,0
2026/04/05 13:34:31,card6,46.0,244.0,3367073270,0
2026/04/05 13:34:31,card7,49.0,244.0,3355194893,0
2026/04/05 13:34:31,,,,,
2026/04/05 13:34:33,card0,54.0,804.0,1316940058,33
2026/04/05 13:34:33,card1,51.0,803.0,1308738188,33
2026/04/05 13:34:33,card2,52.0,795.0,1318932326,33
2026/04/05 13:34:33,card3,53.0,796.0,1341416802,33
2026/04/05 13:34:33,card4,50.0,247.0,3358302056,0
2026/04/05 13:34:33,card5,48.0,249.0,3353756655,0
2026/04/05 13:34:33,card6,46.0,244.0,3367073270,0
2026/04/05 13:34:33,card7,49.0,243.0,3355194893,0
2026/04/05 13:34:33,,,,,
2026/04/05 13:34:35,card0,54.0,806.0,1317152858,33
2026/04/05 13:34:35,card1,51.0,799.0,1308950988,33
2026/04/05 13:34:35,card2,52.0,798.0,1319145126,33
2026/04/05 13:34:35,card3,53.0,801.0,1341629702,33
2026/04/05 13:34:35,card4,50.0,245.0,3358302056,0
2026/04/05 13:34:35,card5,48.0,249.0,3353756655,0
2026/04/05 13:34:35,card6,46.0,244.0,3367073270,0
2026/04/05 13:34:35,card7,49.0,244.0,3355194893,0
2026/04/05 13:34:35,,,,,
2026/04/05 13:34:37,card0,54.0,810.0,1317365558,33
2026/04/05 13:34:37,card1,51.0,807.0,1309163688,33
2026/04/05 13:34:37,card2,52.0,810.0,1319357826,33
2026/04/05 13:34:37,card3,53.0,804.0,1341842402,33
2026/04/05 13:34:37,card4,50.0,246.0,3358302056,0
2026/04/05 13:34:37,card5,48.0,248.0,3353756655,0
2026/04/05 13:34:37,card6,46.0,244.0,3367073270,0
2026/04/05 13:34:37,card7,49.0,244.0,3355194893,0
2026/04/05 13:34:37,,,,,
2026/04/05 13:34:39,card0,54.0,812.0,1317578358,33
2026/04/05 13:34:39,card1,51.0,802.0,1309376488,33
2026/04/05 13:34:39,card2,52.0,810.0,1319570626,33
2026/04/05 13:34:39,card3,53.0,796.0,1342055002,33
2026/04/05 13:34:39,card4,50.0,245.0,3358302056,0
2026/04/05 13:34:39,card5,48.0,249.0,3353756655,0
2026/04/05 13:34:39,card6,46.0,244.0,3367073270,0
2026/04/05 13:34:39,card7,49.0,244.0,3355194893,0
2026/04/05 13:34:39,,,,,
2026/04/05 13:34:41,card0,54.0,814.0,1317791258,33
2026/04/05 13:34:41,card1,51.0,804.0,1309589288,33
2026/04/05 13:34:41,card2,52.0,807.0,1319783426,33
2026/04/05 13:34:41,card3,53.0,784.0,1342268102,32
2026/04/05 13:34:41,card4,50.0,245.0,3358302056,0
2026/04/05 13:34:41,card5,48.0,249.0,3353756655,0
2026/04/05 13:34:41,card6,46.0,243.0,3367073270,0
2026/04/05 13:34:41,card7,49.0,244.0,3355194893,0
2026/04/05 13:34:41,,,,,
2026/04/05 13:34:43,card0,54.0,812.0,1318004258,33
2026/04/05 13:34:43,card1,51.0,807.0,1309802288,33
2026/04/05 13:34:43,card2,52.0,804.0,1319996426,33
2026/04/05 13:34:43,card3,53.0,800.0,1342480902,32
2026/04/05 13:34:43,card4,50.0,246.0,3358302056,0
2026/04/05 13:34:43,card5,48.0,249.0,3353756655,0
2026/04/05 13:34:43,card6,46.0,244.0,3367073270,0
2026/04/05 13:34:43,card7,49.0,243.0,3355194893,0
2026/04/05 13:34:43,,,,,
2026/04/05 13:34:45,card0,54.0,835.0,1318217058,33
2026/04/05 13:34:45,card1,51.0,813.0,1310015088,33
2026/04/05 13:34:45,card2,52.0,823.0,1320209226,33
2026/04/05 13:34:45,card3,53.0,800.0,1342693702,33
2026/04/05 13:34:45,card4,50.0,246.0,3358302056,0
2026/04/05 13:34:45,card5,48.0,250.0,3353756655,0
2026/04/05 13:34:45,card6,46.0,244.0,3367073270,0
2026/04/05 13:34:45,card7,49.0,244.0,3355194893,0
2026/04/05 13:34:45,,,,,
2026/04/05 13:34:48,card0,54.0,707.0,1318419031,12
2026/04/05 13:34:48,card1,51.0,709.0,1310217097,12
2026/04/05 13:34:48,card2,52.0,706.0,1320411196,12
2026/04/05 13:34:48,card3,52.0,698.0,1342895679,12
2026/04/05 13:34:48,card4,50.0,246.0,3358302056,0
2026/04/05 13:34:48,card5,48.0,248.0,3353756655,0
2026/04/05 13:34:48,card6,46.0,244.0,3367073270,0
2026/04/05 13:34:48,card7,49.0,244.0,3355194893,0
2026/04/05 13:34:48,,,,,
2026/04/05 13:34:50,card0,54.0,828.0,1318631831,36
2026/04/05 13:34:50,card1,51.0,818.0,1310429897,36
2026/04/05 13:34:50,card2,52.0,830.0,1320623996,36
2026/04/05 13:34:50,card3,52.0,826.0,1343108479,37
2026/04/05 13:34:50,card4,50.0,246.0,3358302056,0
2026/04/05 13:34:50,card5,48.0,249.0,3353756655,0
2026/04/05 13:34:50,card6,46.0,245.0,3367073270,0
2026/04/05 13:34:50,card7,49.0,243.0,3355194893,0
2026/04/05 13:34:50,,,,,
2026/04/05 13:34:52,card0,54.0,861.0,1318844431,37
2026/04/05 13:34:52,card1,51.0,838.0,1310642497,37
2026/04/05 13:34:52,card2,52.0,823.0,1320836596,37
2026/04/05 13:34:52,card3,53.0,843.0,1343321279,37
2026/04/05 13:34:52,card4,50.0,245.0,3358302056,0
2026/04/05 13:34:52,card5,48.0,249.0,3353756655,0
2026/04/05 13:34:52,card6,46.0,244.0,3367073270,0
2026/04/05 13:34:52,card7,49.0,243.0,3355194893,0
2026/04/05 13:34:52,,,,,
2026/04/05 13:34:54,card0,55.0,857.0,1319057531,37
2026/04/05 13:34:54,card1,52.0,833.0,1310855597,37
2026/04/05 13:34:54,card2,52.0,847.0,1321049796,37
2026/04/05 13:34:54,card3,53.0,840.0,1343534379,37
2026/04/05 13:34:54,card4,50.0,246.0,3358302056,0
2026/04/05 13:34:54,card5,48.0,249.0,3353756655,0
2026/04/05 13:34:54,card6,46.0,244.0,3367073270,0
2026/04/05 13:34:54,card7,49.0,243.0,3355194893,0
2026/04/05 13:34:54,,,,,
2026/04/05 13:34:56,card0,55.0,859.0,1319270331,37
2026/04/05 13:34:56,card1,52.0,839.0,1311068397,36
2026/04/05 13:34:56,card2,52.0,848.0,1321262596,37
2026/04/05 13:34:56,card3,53.0,850.0,1343747179,36
2026/04/05 13:34:56,card4,50.0,246.0,3358302056,0
2026/04/05 13:34:56,card5,48.0,249.0,3353756655,0
2026/04/05 13:34:56,card6,46.0,244.0,3367073270,0
2026/04/05 13:34:56,card7,49.0,244.0,3355194893,0
2026/04/05 13:34:56,,,,,
2026/04/05 13:34:58,card0,55.0,872.0,1319483231,37
2026/04/05 13:34:58,card1,52.0,836.0,1311281397,36
2026/04/05 13:34:58,card2,52.0,831.0,1321475496,36
2026/04/05 13:34:58,card3,53.0,840.0,1343959879,36
2026/04/05 13:34:58,card4,50.0,246.0,3358302056,0
2026/04/05 13:34:58,card5,48.0,249.0,3353756655,0
2026/04/05 13:34:58,card6,46.0,244.0,3367073270,0
2026/04/05 13:34:58,card7,49.0,244.0,3355194893,0
2026/04/05 13:34:58,,,,,
2026/04/05 13:35:00,card0,55.0,847.0,1319695931,36
2026/04/05 13:35:00,card1,52.0,831.0,1311494097,36
2026/04/05 13:35:00,card2,52.0,846.0,1321688096,37
2026/04/05 13:35:00,card3,53.0,837.0,1344172579,36
2026/04/05 13:35:00,card4,50.0,246.0,3358302056,0
2026/04/05 13:35:00,card5,48.0,248.0,3353756655,0
2026/04/05 13:35:00,card6,46.0,243.0,3367073270,0
2026/04/05 13:35:00,card7,49.0,243.0,3355194893,0
2026/04/05 13:35:00,,,,,
2026/04/05 13:35:02,card0,55.0,854.0,1319908731,36
2026/04/05 13:35:02,card1,52.0,835.0,1311706697,36
2026/04/05 13:35:02,card2,52.0,842.0,1321900796,36
2026/04/05 13:35:02,card3,53.0,840.0,1344385279,36
2026/04/05 13:35:02,card4,50.0,246.0,3358302056,0
2026/04/05 13:35:02,card5,48.0,249.0,3353756655,0
2026/04/05 13:35:02,card6,46.0,244.0,3367073270,0
2026/04/05 13:35:02,card7,49.0,244.0,3355194893,0
2026/04/05 13:35:02,,,,,
2026/04/05 13:35:05,card0,55.0,860.0,1320120631,36
2026/04/05 13:35:05,card1,52.0,849.0,1311918697,36
2026/04/05 13:35:05,card2,52.0,845.0,1322112796,36
2026/04/05 13:35:05,card3,53.0,848.0,1344597279,36
2026/04/05 13:35:05,card4,50.0,246.0,3358302056,0
2026/04/05 13:35:05,card5,48.0,249.0,3353756655,0
2026/04/05 13:35:05,card6,46.0,244.0,3367073270,0
2026/04/05 13:35:05,card7,49.0,244.0,3355194893,0
2026/04/05 13:35:05,,,,,
2026/04/05 13:35:07,card0,55.0,851.0,1320333431,36
2026/04/05 13:35:07,card1,52.0,838.0,1312131497,36
2026/04/05 13:35:07,card2,52.0,842.0,1322325596,36
2026/04/05 13:35:07,card3,53.0,842.0,1344810079,36
2026/04/05 13:35:07,card4,50.0,246.0,3358302056,0
2026/04/05 13:35:07,card5,49.0,249.0,3353756655,0
2026/04/05 13:35:07,card6,46.0,244.0,3367073270,0
2026/04/05 13:35:07,card7,49.0,243.0,3355194893,0
2026/04/05 13:35:07,,,,,
2026/04/05 13:35:09,card0,55.0,896.0,1320546331,23
2026/04/05 13:35:09,card1,52.0,886.0,1312344397,22
2026/04/05 13:35:09,card2,53.0,885.0,1322538496,22
2026/04/05 13:35:09,card3,53.0,888.0,1345022979,22
2026/04/05 13:35:09,card4,50.0,246.0,3358302056,0
2026/04/05 13:35:09,card5,49.0,249.0,3353756655,0
2026/04/05 13:35:09,card6,46.0,244.0,3367073270,0
2026/04/05 13:35:09,card7,49.0,244.0,3355194893,0
2026/04/05 13:35:09,,,,,
2026/04/05 13:35:11,card0,55.0,900.0,1320759331,27
2026/04/05 13:35:11,card1,52.0,888.0,1312557397,27
2026/04/05 13:35:11,card2,53.0,896.0,1322751496,27
2026/04/05 13:35:11,card3,53.0,885.0,1345236179,27
2026/04/05 13:35:11,card4,50.0,247.0,3358302056,0
2026/04/05 13:35:11,card5,48.0,249.0,3353756655,0
2026/04/05 13:35:11,card6,46.0,244.0,3367073270,0
2026/04/05 13:35:11,card7,49.0,243.0,3355194893,0
2026/04/05 13:35:11,,,,,
2026/04/05 13:35:13,card0,55.0,901.0,1320972231,28
2026/04/05 13:35:13,card1,52.0,878.0,1312770397,28
2026/04/05 13:35:13,card2,53.0,890.0,1322964496,28
2026/04/05 13:35:13,card3,53.0,887.0,1345448979,28
2026/04/05 13:35:13,card4,50.0,246.0,3358302056,0
2026/04/05 13:35:13,card5,48.0,249.0,3353756655,0
2026/04/05 13:35:13,card6,46.0,244.0,3367073270,0
2026/04/05 13:35:13,card7,49.0,244.0,3355194893,0
2026/04/05 13:35:13,,,,,
2026/04/05 13:35:15,card0,55.0,859.0,1321185731,37
2026/04/05 13:35:15,card1,52.0,847.0,1312983797,37
2026/04/05 13:35:15,card2,53.0,859.0,1323178096,37
2026/04/05 13:35:15,card3,53.0,845.0,1345662579,37
2026/04/05 13:35:15,card4,50.0,246.0,3358302056,0
2026/04/05 13:35:15,card5,49.0,249.0,3353756655,0
2026/04/05 13:35:15,card6,46.0,244.0,3367073270,0
2026/04/05 13:35:15,card7,49.0,243.0,3355194893,0
2026/04/05 13:35:15,,,,,
2026/04/05 13:35:17,card0,55.0,857.0,1321398531,37
2026/04/05 13:35:17,card1,52.0,848.0,1313196597,37
2026/04/05 13:35:17,card2,53.0,852.0,1323390796,37
2026/04/05 13:35:17,card3,53.0,831.0,1345875379,37
2026/04/05 13:35:17,card4,50.0,246.0,3358302056,0
2026/04/05 13:35:17,card5,49.0,249.0,3353756655,0
2026/04/05 13:35:17,card6,46.0,244.0,3367073270,0
2026/04/05 13:35:17,card7,49.0,244.0,3355194893,0
2026/04/05 13:35:17,,,,,
2026/04/05 13:35:19,card0,55.0,858.0,1321611231,37
2026/04/05 13:35:19,card1,52.0,839.0,1313409397,37
2026/04/05 13:35:19,card2,53.0,839.0,1323603496,36
2026/04/05 13:35:19,card3,53.0,835.0,1346087879,36
2026/04/05 13:35:19,card4,50.0,246.0,3358302056,0
2026/04/05 13:35:19,card5,49.0,249.0,3353756655,0
2026/04/05 13:35:20,card6,46.0,244.0,3367073270,0
2026/04/05 13:35:20,card7,49.0,244.0,3355194893,0
2026/04/05 13:35:20,,,,,
2026/04/05 13:35:22,card0,55.0,857.0,1321824031,37
2026/04/05 13:35:22,card1,52.0,849.0,1313622197,37
2026/04/05 13:35:22,card2,53.0,862.0,1323816196,37
2026/04/05 13:35:22,card3,53.0,844.0,1346300679,36
2026/04/05 13:35:22,card4,50.0,246.0,3358302056,0
2026/04/05 13:35:22,card5,49.0,249.0,3353756655,0
2026/04/05 13:35:22,card6,46.0,244.0,3367073270,0
2026/04/05 13:35:22,card7,49.0,244.0,3355194893,0
2026/04/05 13:35:22,,,,,
2026/04/05 13:35:24,card0,55.0,851.0,1322036931,36
2026/04/05 13:35:24,card1,52.0,839.0,1313834897,37
2026/04/05 13:35:24,card2,53.0,856.0,1324028996,36
2026/04/05 13:35:24,card3,53.0,841.0,1346513479,36
2026/04/05 13:35:24,card4,50.0,246.0,3358302056,0
2026/04/05 13:35:24,card5,49.0,249.0,3353756655,0
2026/04/05 13:35:24,card6,46.0,244.0,3367073270,0
2026/04/05 13:35:24,card7,49.0,244.0,3355194893,0
2026/04/05 13:35:24,,,,,
2026/04/05 13:35:26,card0,55.0,868.0,1322250031,36
2026/04/05 13:35:26,card1,52.0,836.0,1314048097,37
2026/04/05 13:35:26,card2,53.0,848.0,1324242196,36
2026/04/05 13:35:26,card3,53.0,847.0,1346726679,36
2026/04/05 13:35:26,card4,50.0,245.0,3358302056,0
2026/04/05 13:35:26,card5,49.0,249.0,3353756655,0
2026/04/05 13:35:26,card6,46.0,244.0,3367073270,0
2026/04/05 13:35:26,card7,49.0,243.0,3355194893,0
2026/04/05 13:35:26,,,,,
2026/04/05 13:35:28,card0,55.0,868.0,1322462531,36
2026/04/05 13:35:28,card1,52.0,845.0,1314260597,37
2026/04/05 13:35:28,card2,53.0,856.0,1324454696,37
2026/04/05 13:35:28,card3,53.0,840.0,1346939179,36
2026/04/05 13:35:28,card4,51.0,246.0,3358302056,0
2026/04/05 13:35:28,card5,49.0,250.0,3353756655,0
2026/04/05 13:35:28,card6,47.0,244.0,3367073270,0
2026/04/05 13:35:28,card7,49.0,244.0,3355194893,0
2026/04/05 13:35:28,,,,,
2026/04/05 13:35:30,card0,55.0,862.0,1322675231,36
2026/04/05 13:35:30,card1,52.0,848.0,1314473297,36
2026/04/05 13:35:30,card2,53.0,847.0,1324667396,36
2026/04/05 13:35:30,card3,53.0,843.0,1347151879,36
2026/04/05 13:35:30,card4,51.0,246.0,3358302056,0
2026/04/05 13:35:30,card5,49.0,249.0,3353756655,0
2026/04/05 13:35:30,card6,47.0,244.0,3367073270,0
2026/04/05 13:35:30,card7,49.0,243.0,3355194893,0
2026/04/05 13:35:30,,,,,
2026/04/05 13:35:32,card0,55.0,864.0,1322888231,32
2026/04/05 13:35:32,card1,52.0,871.0,1314686297,32
2026/04/05 13:35:32,card2,53.0,874.0,1324880396,32
2026/04/05 13:35:32,card3,53.0,866.0,1347364879,32
2026/04/05 13:35:32,card4,51.0,246.0,3358302056,0
2026/04/05 13:35:32,card5,49.0,248.0,3353756655,0
2026/04/05 13:35:32,card6,47.0,244.0,3367073270,0
2026/04/05 13:35:32,card7,49.0,244.0,3355194893,0
2026/04/05 13:35:32,,,,,
2026/04/05 13:35:34,card0,55.0,880.0,1323101031,31
2026/04/05 13:35:34,card1,52.0,863.0,1314899097,32
2026/04/05 13:35:34,card2,53.0,873.0,1325093296,32
2026/04/05 13:35:34,card3,53.0,859.0,1347577879,32
2026/04/05 13:35:34,card4,51.0,246.0,3358302056,0
2026/04/05 13:35:34,card5,49.0,249.0,3353756655,0
2026/04/05 13:35:34,card6,47.0,244.0,3367073270,0
2026/04/05 13:35:34,card7,49.0,244.0,3355194893,0
2026/04/05 13:35:34,,,,,
2026/04/05 13:35:37,card0,55.0,871.0,1323313931,37
2026/04/05 13:35:37,card1,52.0,852.0,1315111997,36
2026/04/05 13:35:37,card2,53.0,863.0,1325306196,36
2026/04/05 13:35:37,card3,53.0,859.0,1347790779,37
2026/04/05 13:35:37,card4,51.0,246.0,3358302056,0
2026/04/05 13:35:37,card5,49.0,249.0,3353756655,0
2026/04/05 13:35:37,card6,47.0,244.0,3367073270,0
2026/04/05 13:35:37,card7,49.0,244.0,3355194893,0
2026/04/05 13:35:37,,,,,
2026/04/05 13:35:39,card0,55.0,878.0,1323526831,31
2026/04/05 13:35:39,card1,52.0,864.0,1315324997,31
2026/04/05 13:35:39,card2,53.0,875.0,1325519096,31
2026/04/05 13:35:39,card3,53.0,866.0,1348003679,31
2026/04/05 13:35:39,card4,51.0,246.0,3358302056,0
2026/04/05 13:35:39,card5,49.0,249.0,3353756655,0
2026/04/05 13:35:39,card6,47.0,244.0,3367073270,0
2026/04/05 13:35:39,card7,49.0,244.0,3355194893,0
2026/04/05 13:35:39,,,,,
2026/04/05 13:35:41,card0,55.0,866.0,1323739531,37
2026/04/05 13:35:41,card1,52.0,848.0,1315537697,37
2026/04/05 13:35:41,card2,53.0,845.0,1325731796,37
2026/04/05 13:35:41,card3,53.0,845.0,1348216179,37
2026/04/05 13:35:41,card4,51.0,245.0,3358302056,0
2026/04/05 13:35:41,card5,49.0,249.0,3353756655,0
2026/04/05 13:35:41,card6,47.0,244.0,3367073270,0
2026/04/05 13:35:41,card7,49.0,244.0,3355194893,0
2026/04/05 13:35:41,,,,,
2026/04/05 13:35:43,card0,55.0,873.0,1323952131,37
2026/04/05 13:35:43,card1,52.0,835.0,1315750297,37
2026/04/05 13:35:43,card2,53.0,860.0,1325944296,37
2026/04/05 13:35:43,card3,53.0,840.0,1348428779,37
2026/04/05 13:35:43,card4,51.0,246.0,3358302056,0
2026/04/05 13:35:43,card5,49.0,249.0,3353756655,0
2026/04/05 13:35:43,card6,47.0,244.0,3367073270,0
2026/04/05 13:35:43,card7,49.0,244.0,3355194893,0
2026/04/05 13:35:43,,,,,
2026/04/05 13:35:45,card0,55.0,868.0,1324165131,37
2026/04/05 13:35:45,card1,52.0,849.0,1315963097,37
2026/04/05 13:35:45,card2,53.0,856.0,1326157196,37
2026/04/05 13:35:45,card3,53.0,841.0,1348641679,37
2026/04/05 13:35:45,card4,51.0,246.0,3358302056,0
2026/04/05 13:35:45,card5,49.0,249.0,3353756655,0
2026/04/05 13:35:45,card6,47.0,244.0,3367073270,0
2026/04/05 13:35:45,card7,49.0,244.0,3355194893,0
2026/04/05 13:35:45,,,,,
2026/04/05 13:35:47,card0,55.0,872.0,1324377531,37
2026/04/05 13:35:47,card1,52.0,843.0,1316175597,37
2026/04/05 13:35:47,card2,53.0,853.0,1326369696,36
2026/04/05 13:35:47,card3,53.0,840.0,1348854179,36
2026/04/05 13:35:47,card4,51.0,246.0,3358302056,0
2026/04/05 13:35:47,card5,49.0,249.0,3353756655,0
2026/04/05 13:35:47,card6,47.0,244.0,3367073270,0
2026/04/05 13:35:47,card7,49.0,244.0,3355194893,0
2026/04/05 13:35:47,,,,,
2026/04/05 13:35:49,card0,55.0,862.0,1324590331,37
2026/04/05 13:35:49,card1,52.0,840.0,1316388397,36
2026/04/05 13:35:49,card2,53.0,847.0,1326582496,37
2026/04/05 13:35:49,card3,53.0,845.0,1349066979,36
2026/04/05 13:35:49,card4,51.0,246.0,3358302056,0
2026/04/05 13:35:49,card5,49.0,249.0,3353756655,0
2026/04/05 13:35:49,card6,47.0,244.0,3367073270,0
2026/04/05 13:35:49,card7,49.0,244.0,3355194893,0
2026/04/05 13:35:49,,,,,
2026/04/05 13:35:51,card0,55.0,858.0,1324802731,36
2026/04/05 13:35:51,card1,52.0,843.0,1316600797,37
2026/04/05 13:35:51,card2,53.0,844.0,1326794896,36
2026/04/05 13:35:51,card3,53.0,841.0,1349279379,36
2026/04/05 13:35:51,card4,51.0,246.0,3358302056,0
2026/04/05 13:35:51,card5,49.0,249.0,3353756655,0
2026/04/05 13:35:51,card6,47.0,244.0,3367073270,0
2026/04/05 13:35:51,card7,49.0,243.0,3355194893,0
2026/04/05 13:35:51,,,,,
2026/04/05 13:35:54,card0,55.0,858.0,1325015431,36
2026/04/05 13:35:54,card1,52.0,845.0,1316813497,37
2026/04/05 13:35:54,card2,53.0,848.0,1327007596,36
2026/04/05 13:35:54,card3,53.0,842.0,1349492279,36
2026/04/05 13:35:54,card4,51.0,247.0,3358302056,0
2026/04/05 13:35:54,card5,49.0,249.0,3353756655,0
2026/04/05 13:35:54,card6,47.0,244.0,3367073270,0
2026/04/05 13:35:54,card7,49.0,244.0,3355194893,0
2026/04/05 13:35:54,,,,,
2026/04/05 13:35:56,card0,55.0,905.0,1325228231,31
2026/04/05 13:35:56,card1,52.0,878.0,1317026297,31
2026/04/05 13:35:56,card2,53.0,877.0,1327220496,31
2026/04/05 13:35:56,card3,53.0,871.0,1349705079,31
2026/04/05 13:35:56,card4,51.0,245.0,3358302056,0
2026/04/05 13:35:56,card5,49.0,249.0,3353756655,0
2026/04/05 13:35:56,card6,47.0,244.0,3367073270,0
2026/04/05 13:35:56,card7,49.0,243.0,3355194893,0
2026/04/05 13:35:56,,,,,
2026/04/05 13:35:58,card0,55.0,878.0,1325440831,33
2026/04/05 13:35:58,card1,52.0,870.0,1317238997,33
2026/04/05 13:35:58,card2,53.0,870.0,1327433096,33
2026/04/05 13:35:58,card3,53.0,859.0,1349917679,33
2026/04/05 13:35:58,card4,51.0,246.0,3358302056,0
2026/04/05 13:35:58,card5,49.0,249.0,3353756655,0
2026/04/05 13:35:58,card6,47.0,244.0,3367073270,0
2026/04/05 13:35:58,card7,49.0,244.0,3355194893,0
2026/04/05 13:35:58,,,,,
2026/04/05 13:36:00,card0,55.0,873.0,1325653631,38
2026/04/05 13:36:00,card1,52.0,859.0,1317451897,38
2026/04/05 13:36:00,card2,53.0,862.0,1327645996,38
2026/04/05 13:36:00,card3,53.0,866.0,1350130579,38
2026/04/05 13:36:00,card4,51.0,246.0,3358302056,0
2026/04/05 13:36:00,card5,49.0,248.0,3353756655,0
2026/04/05 13:36:00,card6,47.0,245.0,3367073270,0
2026/04/05 13:36:00,card7,49.0,244.0,3355194893,0
2026/04/05 13:36:00,,,,,
2026/04/05 13:36:02,card0,55.0,883.0,1325866531,31
2026/04/05 13:36:02,card1,53.0,865.0,1317664697,31
2026/04/05 13:36:02,card2,53.0,875.0,1327858796,31
2026/04/05 13:36:02,card3,54.0,869.0,1350343179,31
2026/04/05 13:36:02,card4,51.0,246.0,3358302056,0
2026/04/05 13:36:02,card5,49.0,249.0,3353756655,0
2026/04/05 13:36:02,card6,47.0,244.0,3367073270,0
2026/04/05 13:36:02,card7,49.0,243.0,3355194893,0
2026/04/05 13:36:02,,,,,
2026/04/05 13:36:04,card0,55.0,890.0,1326079831,28
2026/04/05 13:36:04,card1,52.0,890.0,1317877997,28
2026/04/05 13:36:04,card2,53.0,891.0,1328072196,28
2026/04/05 13:36:04,card3,53.0,891.0,1350556579,28
2026/04/05 13:36:04,card4,51.0,246.0,3358302056,0
2026/04/05 13:36:04,card5,49.0,248.0,3353756655,0
2026/04/05 13:36:04,card6,47.0,244.0,3367073270,0
2026/04/05 13:36:04,card7,49.0,243.0,3355194893,0
2026/04/05 13:36:04,,,,,
2026/04/05 13:36:06,card0,55.0,850.0,1326292631,37
2026/04/05 13:36:06,card1,52.0,852.0,1318090697,37
2026/04/05 13:36:06,card2,53.0,863.0,1328284796,37
2026/04/05 13:36:06,card3,53.0,840.0,1350769279,37
2026/04/05 13:36:06,card4,51.0,247.0,3358302056,0
2026/04/05 13:36:06,card5,49.0,249.0,3353756655,0
2026/04/05 13:36:06,card6,47.0,244.0,3367073270,0
2026/04/05 13:36:06,card7,49.0,243.0,3355194893,0
2026/04/05 13:36:06,,,,,
2026/04/05 13:36:08,card0,55.0,854.0,1326505231,37
2026/04/05 13:36:08,card1,52.0,851.0,1318303297,37
2026/04/05 13:36:08,card2,53.0,838.0,1328497396,37
2026/04/05 13:36:08,card3,53.0,839.0,1350981879,37
2026/04/05 13:36:08,card4,51.0,246.0,3358302056,0
2026/04/05 13:36:08,card5,49.0,249.0,3353756655,0
2026/04/05 13:36:08,card6,47.0,244.0,3367073270,0
2026/04/05 13:36:08,card7,49.0,244.0,3355194893,0
2026/04/05 13:36:08,,,,,
2026/04/05 13:36:11,card0,55.0,854.0,1326717931,37
2026/04/05 13:36:11,card1,52.0,839.0,1318515997,37
2026/04/05 13:36:11,card2,53.0,856.0,1328710096,37
2026/04/05 13:36:11,card3,53.0,841.0,1351194579,36
2026/04/05 13:36:11,card4,51.0,246.0,3358302056,0
2026/04/05 13:36:11,card5,49.0,249.0,3353756655,0
2026/04/05 13:36:11,card6,47.0,244.0,3367073270,0
2026/04/05 13:36:11,card7,49.0,244.0,3355194893,0
2026/04/05 13:36:11,,,,,
2026/04/05 13:36:13,card0,55.0,861.0,1326929631,37
2026/04/05 13:36:13,card1,52.0,844.0,1318727697,37
2026/04/05 13:36:13,card2,53.0,844.0,1328921796,36
2026/04/05 13:36:13,card3,53.0,841.0,1351406279,36
2026/04/05 13:36:13,card4,51.0,245.0,3358302056,0
2026/04/05 13:36:13,card5,49.0,249.0,3353756655,0
2026/04/05 13:36:13,card6,47.0,245.0,3367073270,0
2026/04/05 13:36:13,card7,49.0,244.0,3355194893,0
2026/04/05 13:36:13,,,,,
2026/04/05 13:36:15,card0,55.0,858.0,1327142531,36
2026/04/05 13:36:15,card1,52.0,852.0,1318940597,36
2026/04/05 13:36:15,card2,53.0,843.0,1329134696,36
2026/04/05 13:36:15,card3,53.0,843.0,1351619379,36
2026/04/05 13:36:15,card4,51.0,246.0,3358302056,0
2026/04/05 13:36:15,card5,49.0,249.0,3353756655,0
2026/04/05 13:36:15,card6,47.0,244.0,3367073270,0
2026/04/05 13:36:15,card7,49.0,244.0,3355194893,0
2026/04/05 13:36:15,,,,,
2026/04/05 13:36:17,card0,55.0,852.0,1327355231,36
2026/04/05 13:36:17,card1,52.0,846.0,1319153297,36
2026/04/05 13:36:17,card2,53.0,849.0,1329347496,36
2026/04/05 13:36:17,card3,53.0,847.0,1351832079,36
2026/04/05 13:36:17,card4,51.0,246.0,3358302056,0
2026/04/05 13:36:17,card5,49.0,249.0,3353756655,0
2026/04/05 13:36:17,card6,47.0,244.0,3367073270,0
2026/04/05 13:36:17,card7,49.0,244.0,3355194893,0
2026/04/05 13:36:17,,,,,
2026/04/05 13:36:19,card0,55.0,892.0,1327567931,33
2026/04/05 13:36:19,card1,52.0,868.0,1319365997,33
2026/04/05 13:36:19,card2,53.0,875.0,1329560196,33
2026/04/05 13:36:19,card3,53.0,880.0,1352044779,33
2026/04/05 13:36:19,card4,51.0,245.0,3358302056,0
2026/04/05 13:36:19,card5,49.0,249.0,3353756655,0
2026/04/05 13:36:19,card6,47.0,244.0,3367073270,0
2026/04/05 13:36:19,card7,49.0,244.0,3355194893,0
2026/04/05 13:36:19,,,,,
2026/04/05 13:36:21,card0,55.0,870.0,1327780631,34
2026/04/05 13:36:21,card1,52.0,855.0,1319578797,34
2026/04/05 13:36:21,card2,53.0,865.0,1329772896,34
2026/04/05 13:36:21,card3,53.0,852.0,1352257479,34
2026/04/05 13:36:21,card4,51.0,246.0,3358302056,0
2026/04/05 13:36:21,card5,49.0,250.0,3353756655,0
2026/04/05 13:36:21,card6,47.0,244.0,3367073270,0
2026/04/05 13:36:21,card7,49.0,244.0,3355194893,0
2026/04/05 13:36:21,,,,,
2026/04/05 13:36:23,card0,55.0,883.0,1327993831,30
2026/04/05 13:36:23,card1,52.0,877.0,1319791997,30
2026/04/05 13:36:23,card2,53.0,881.0,1329986096,30
2026/04/05 13:36:23,card3,54.0,875.0,1352470479,30
2026/04/05 13:36:23,card4,51.0,246.0,3358302056,0
2026/04/05 13:36:23,card5,49.0,249.0,3353756655,0
2026/04/05 13:36:23,card6,47.0,244.0,3367073270,0
2026/04/05 13:36:23,card7,49.0,244.0,3355194893,0
2026/04/05 13:36:23,,,,,
2026/04/05 13:36:25,card0,55.0,890.0,1328207331,30
2026/04/05 13:36:25,card1,52.0,873.0,1320005297,30
2026/04/05 13:36:25,card2,53.0,881.0,1330199396,30
2026/04/05 13:36:25,card3,54.0,872.0,1352683879,30
2026/04/05 13:36:25,card4,51.0,246.0,3358302056,0
2026/04/05 13:36:25,card5,49.0,249.0,3353756655,0
2026/04/05 13:36:25,card6,47.0,244.0,3367073270,0
2026/04/05 13:36:25,card7,49.0,244.0,3355194893,0
2026/04/05 13:36:25,,,,,
2026/04/05 13:36:28,card0,55.0,877.0,1328419931,37
2026/04/05 13:36:28,card1,52.0,853.0,1320217997,37
2026/04/05 13:36:28,card2,53.0,865.0,1330412096,37
2026/04/05 13:36:28,card3,54.0,864.0,1352896579,37
2026/04/05 13:36:28,card4,51.0,246.0,3358302056,0
2026/04/05 13:36:28,card5,49.0,249.0,3353756655,0
2026/04/05 13:36:28,card6,47.0,244.0,3367073270,0
2026/04/05 13:36:28,card7,49.0,244.0,3355194893,0
2026/04/05 13:36:28,,,,,
2026/04/05 13:36:30,card0,55.0,864.0,1328632631,38
2026/04/05 13:36:30,card1,52.0,851.0,1320430697,38
2026/04/05 13:36:30,card2,53.0,860.0,1330624796,38
2026/04/05 13:36:30,card3,54.0,853.0,1353109279,38
2026/04/05 13:36:30,card4,51.0,246.0,3358302056,0
2026/04/05 13:36:30,card5,49.0,249.0,3353756655,0
2026/04/05 13:36:30,card6,47.0,244.0,3367073270,0
2026/04/05 13:36:30,card7,49.0,243.0,3355194893,0
2026/04/05 13:36:30,,,,,
2026/04/05 13:36:32,card0,55.0,863.0,1328845131,37
2026/04/05 13:36:32,card1,52.0,844.0,1320643197,37
2026/04/05 13:36:32,card2,53.0,849.0,1330837296,37
2026/04/05 13:36:32,card3,54.0,854.0,1353321779,37
2026/04/05 13:36:32,card4,51.0,246.0,3358302056,0
2026/04/05 13:36:32,card5,49.0,248.0,3353756655,0
2026/04/05 13:36:32,card6,47.0,245.0,3367073270,0
2026/04/05 13:36:32,card7,49.0,244.0,3355194893,0
2026/04/05 13:36:32,,,,,
2026/04/05 13:36:34,card0,55.0,862.0,1329057831,37
2026/04/05 13:36:34,card1,52.0,847.0,1320855897,37
2026/04/05 13:36:34,card2,53.0,859.0,1331049996,37
2026/04/05 13:36:34,card3,53.0,855.0,1353534479,37
2026/04/05 13:36:34,card4,51.0,246.0,3358302056,0
2026/04/05 13:36:34,card5,49.0,249.0,3353756655,0
2026/04/05 13:36:34,card6,47.0,244.0,3367073270,0
2026/04/05 13:36:34,card7,49.0,244.0,3355194893,0
2026/04/05 13:36:34,,,,,
2026/04/05 13:36:36,card0,55.0,866.0,1329270931,37
2026/04/05 13:36:36,card1,52.0,848.0,1321068997,37
2026/04/05 13:36:36,card2,53.0,859.0,1331263196,37
2026/04/05 13:36:36,card3,53.0,850.0,1353747779,37
2026/04/05 13:36:36,card4,51.0,245.0,3358302056,0
2026/04/05 13:36:36,card5,49.0,249.0,3353756655,0
2026/04/05 13:36:36,card6,47.0,245.0,3367073270,0
2026/04/05 13:36:36,card7,49.0,244.0,3355194893,0
2026/04/05 13:36:36,,,,,
2026/04/05 13:36:38,card0,55.0,865.0,1329483731,37
2026/04/05 13:36:38,card1,52.0,850.0,1321281797,37
2026/04/05 13:36:38,card2,53.0,858.0,1331475996,37
2026/04/05 13:36:38,card3,53.0,833.0,1353960579,37
2026/04/05 13:36:38,card4,51.0,246.0,3358302056,0
2026/04/05 13:36:38,card5,49.0,249.0,3353756655,0
2026/04/05 13:36:38,card6,47.0,244.0,3367073270,0
2026/04/05 13:36:38,card7,49.0,244.0,3355194893,0
2026/04/05 13:36:38,,,,,
2026/04/05 13:36:40,card0,55.0,852.0,1329696531,37
2026/04/05 13:36:40,card1,52.0,849.0,1321494597,37
2026/04/05 13:36:40,card2,53.0,861.0,1331688796,37
2026/04/05 13:36:40,card3,54.0,852.0,1354173379,37
2026/04/05 13:36:40,card4,51.0,246.0,3358302056,0
2026/04/05 13:36:40,card5,49.0,249.0,3353756655,0
2026/04/05 13:36:40,card6,47.0,244.0,3367073270,0
2026/04/05 13:36:40,card7,49.0,244.0,3355194893,0
2026/04/05 13:36:40,,,,,
2026/04/05 13:36:42,card0,55.0,878.0,1329909431,37
2026/04/05 13:36:42,card1,52.0,854.0,1321707597,36
2026/04/05 13:36:42,card2,53.0,856.0,1331901696,36
2026/04/05 13:36:42,card3,54.0,856.0,1354386279,36
2026/04/05 13:36:42,card4,51.0,246.0,3358302056,0
2026/04/05 13:36:42,card5,49.0,249.0,3353756655,0
2026/04/05 13:36:42,card6,47.0,244.0,3367073270,0
2026/04/05 13:36:42,card7,49.0,243.0,3355194893,0
2026/04/05 13:36:42,,,,,
2026/04/05 13:36:45,card0,55.0,872.0,1330122131,37
2026/04/05 13:36:45,card1,52.0,854.0,1321920297,37
2026/04/05 13:36:45,card2,53.0,843.0,1332114296,36
2026/04/05 13:36:45,card3,54.0,852.0,1354598779,36
2026/04/05 13:36:45,card4,51.0,246.0,3358302056,0
2026/04/05 13:36:45,card5,49.0,248.0,3353756655,0
2026/04/05 13:36:45,card6,47.0,244.0,3367073270,0
2026/04/05 13:36:45,card7,49.0,244.0,3355194893,0
2026/04/05 13:36:45,,,,,
2026/04/05 13:36:47,card0,55.0,871.0,1330334831,37
2026/04/05 13:36:47,card1,52.0,861.0,1322132797,36
2026/04/05 13:36:47,card2,53.0,859.0,1332326896,36
2026/04/05 13:36:47,card3,54.0,857.0,1354811379,36
2026/04/05 13:36:47,card4,51.0,246.0,3358302056,0
2026/04/05 13:36:47,card5,49.0,249.0,3353756655,0
2026/04/05 13:36:47,card6,47.0,244.0,3367073270,0
2026/04/05 13:36:47,card7,49.0,244.0,3355194893,0
2026/04/05 13:36:47,,,,,
2026/04/05 13:36:49,card0,56.0,881.0,1330547331,32
2026/04/05 13:36:49,card1,52.0,864.0,1322345397,32
2026/04/05 13:36:49,card2,53.0,868.0,1332539496,32
2026/04/05 13:36:49,card3,54.0,864.0,1355023979,33
2026/04/05 13:36:49,card4,51.0,246.0,3358302056,0
2026/04/05 13:36:49,card5,49.0,250.0,3353756655,0
2026/04/05 13:36:49,card6,47.0,244.0,3367073270,0
2026/04/05 13:36:49,card7,49.0,244.0,3355194893,0
2026/04/05 13:36:49,,,,,
2026/04/05 13:36:51,card0,56.0,899.0,1330760131,30
2026/04/05 13:36:51,card1,52.0,875.0,1322558197,30
2026/04/05 13:36:51,card2,53.0,882.0,1332752296,30
2026/04/05 13:36:51,card3,54.0,871.0,1355236779,30
2026/04/05 13:36:51,card4,51.0,245.0,3358302056,0
2026/04/05 13:36:51,card5,49.0,248.0,3353756655,0
2026/04/05 13:36:51,card6,47.0,245.0,3367073270,0
2026/04/05 13:36:51,card7,49.0,244.0,3355194893,0
2026/04/05 13:36:51,,,,,
2026/04/05 13:36:53,card0,56.0,865.0,1330972831,35
2026/04/05 13:36:53,card1,52.0,853.0,1322770897,35
2026/04/05 13:36:53,card2,53.0,863.0,1332964996,35
2026/04/05 13:36:53,card3,54.0,852.0,1355449479,35
2026/04/05 13:36:53,card4,51.0,246.0,3358302056,0
2026/04/05 13:36:53,card5,49.0,249.0,3353756655,0
2026/04/05 13:36:53,card6,47.0,244.0,3367073270,0
2026/04/05 13:36:53,card7,49.0,243.0,3355194893,0
2026/04/05 13:36:53,,,,,
2026/04/05 13:36:55,card0,55.0,883.0,1331186031,33
2026/04/05 13:36:55,card1,52.0,863.0,1322983997,33
2026/04/05 13:36:55,card2,53.0,859.0,1333178096,33
2026/04/05 13:36:55,card3,54.0,859.0,1355662779,33
2026/04/05 13:36:55,card4,51.0,246.0,3358302056,0
2026/04/05 13:36:55,card5,49.0,249.0,3353756655,0
2026/04/05 13:36:55,card6,47.0,244.0,3367073270,0
2026/04/05 13:36:55,card7,49.0,244.0,3355194893,0
2026/04/05 13:36:55,,,,,
2026/04/05 13:36:57,card0,55.0,841.0,1331398631,36
2026/04/05 13:36:57,card1,52.0,834.0,1323196697,36
2026/04/05 13:36:57,card2,53.0,844.0,1333390896,36
2026/04/05 13:36:57,card3,53.0,827.0,1355875479,36
2026/04/05 13:36:57,card4,51.0,246.0,3358302056,0
2026/04/05 13:36:57,card5,49.0,249.0,3353756655,0
2026/04/05 13:36:57,card6,47.0,245.0,3367073270,0
2026/04/05 13:36:57,card7,49.0,244.0,3355194893,0
2026/04/05 13:36:57,,,,,
2026/04/05 13:36:59,card0,55.0,838.0,1331611231,36
2026/04/05 13:36:59,card1,52.0,832.0,1323409297,36
2026/04/05 13:36:59,card2,53.0,839.0,1333603496,36
2026/04/05 13:37:00,card3,53.0,820.0,1356088079,35
2026/04/05 13:37:00,card4,51.0,245.0,3358302056,0
2026/04/05 13:37:00,card5,49.0,249.0,3353756655,0
2026/04/05 13:37:00,card6,47.0,244.0,3367073270,0
2026/04/05 13:37:00,card7,49.0,244.0,3355194893,0
2026/04/05 13:37:00,,,,,
2026/04/05 13:37:02,card0,55.0,854.0,1331823831,36
2026/04/05 13:37:02,card1,52.0,831.0,1323621897,36
2026/04/05 13:37:02,card2,53.0,847.0,1333816096,36
2026/04/05 13:37:02,card3,53.0,822.0,1356300679,35
2026/04/05 13:37:02,card4,51.0,246.0,3358302056,0
2026/04/05 13:37:02,card5,49.0,250.0,3353756655,0
2026/04/05 13:37:02,card6,47.0,244.0,3367073270,0
2026/04/05 13:37:02,card7,49.0,243.0,3355194893,0
2026/04/05 13:37:02,,,,,
2026/04/05 13:37:04,card0,55.0,845.0,1332036431,35
2026/04/05 13:37:04,card1,52.0,830.0,1323834597,36
2026/04/05 13:37:04,card2,53.0,837.0,1334028696,35
2026/04/05 13:37:04,card3,53.0,835.0,1356513079,35
2026/04/05 13:37:04,card4,51.0,246.0,3358302056,0
2026/04/05 13:37:04,card5,49.0,250.0,3353756655,0
2026/04/05 13:37:04,card6,47.0,243.0,3367073270,0
2026/04/05 13:37:04,card7,49.0,244.0,3355194893,0
2026/04/05 13:37:04,,,,,
2026/04/05 13:37:06,card0,55.0,856.0,1332249031,34
2026/04/05 13:37:06,card1,52.0,849.0,1324047197,34
2026/04/05 13:37:06,card2,53.0,839.0,1334241196,34
2026/04/05 13:37:06,card3,53.0,845.0,1356725679,33
2026/04/05 13:37:06,card4,51.0,247.0,3358302056,0
2026/04/05 13:37:06,card5,49.0,248.0,3353756655,0
2026/04/05 13:37:06,card6,47.0,244.0,3367073270,0
2026/04/05 13:37:06,card7,49.0,244.0,3355194893,0
2026/04/05 13:37:06,,,,,
2026/04/05 13:37:08,card0,55.0,877.0,1332461731,33
2026/04/05 13:37:08,card1,52.0,846.0,1324259697,33
2026/04/05 13:37:08,card2,53.0,865.0,1334453796,33
2026/04/05 13:37:08,card3,54.0,869.0,1356938279,33
2026/04/05 13:37:08,card4,51.0,246.0,3358302056,0
2026/04/05 13:37:08,card5,49.0,249.0,3353756655,0
2026/04/05 13:37:08,card6,47.0,244.0,3367073270,0
2026/04/05 13:37:08,card7,49.0,244.0,3355194893,0
2026/04/05 13:37:08,,,,,
2026/04/05 13:37:10,card0,55.0,869.0,1332674131,34
2026/04/05 13:37:10,card1,52.0,854.0,1324472197,34
2026/04/05 13:37:10,card2,53.0,867.0,1334666296,34
2026/04/05 13:37:10,card3,54.0,865.0,1357150779,34
2026/04/05 13:37:10,card4,51.0,246.0,3358302056,0
2026/04/05 13:37:10,card5,49.0,249.0,3353756655,0
2026/04/05 13:37:10,card6,47.0,245.0,3367073270,0
2026/04/05 13:37:10,card7,49.0,244.0,3355194893,0
2026/04/05 13:37:10,,,,,
2026/04/05 13:37:12,card0,55.0,863.0,1332886631,33
2026/04/05 13:37:12,card1,52.0,849.0,1324684697,33
2026/04/05 13:37:12,card2,53.0,870.0,1334878796,33
2026/04/05 13:37:12,card3,54.0,862.0,1357363279,33
2026/04/05 13:37:12,card4,51.0,247.0,3358302056,0
2026/04/05 13:37:12,card5,49.0,249.0,3353756655,0
2026/04/05 13:37:12,card6,47.0,244.0,3367073270,0
2026/04/05 13:37:12,card7,49.0,244.0,3355194893,0
2026/04/05 13:37:12,,,,,
2026/04/05 13:37:14,card0,55.0,870.0,1333099331,34
2026/04/05 13:37:14,card1,53.0,854.0,1324897397,34
2026/04/05 13:37:14,card2,53.0,862.0,1335091496,34
2026/04/05 13:37:14,card3,54.0,861.0,1357575979,34
2026/04/05 13:37:14,card4,51.0,246.0,3358302056,0
2026/04/05 13:37:14,card5,49.0,249.0,3353756655,0
2026/04/05 13:37:14,card6,47.0,244.0,3367073270,0
2026/04/05 13:37:14,card7,49.0,244.0,3355194893,0
2026/04/05 13:37:14,,,,,
2026/04/05 13:37:17,card0,55.0,883.0,1333312331,35
2026/04/05 13:37:17,card1,53.0,867.0,1325110397,34
2026/04/05 13:37:17,card2,53.0,867.0,1335304496,34
2026/04/05 13:37:17,card3,54.0,861.0,1357788979,35
2026/04/05 13:37:17,card4,51.0,246.0,3358302056,0
2026/04/05 13:37:17,card5,49.0,250.0,3353756655,0
2026/04/05 13:37:17,card6,47.0,244.0,3367073270,0
2026/04/05 13:37:17,card7,49.0,244.0,3355194893,0
2026/04/05 13:37:17,,,,,
2026/04/05 13:37:19,card0,55.0,877.0,1333525031,37
2026/04/05 13:37:19,card1,52.0,851.0,1325323097,37
2026/04/05 13:37:19,card2,53.0,851.0,1335517296,37
2026/04/05 13:37:19,card3,54.0,848.0,1358001879,37
2026/04/05 13:37:19,card4,51.0,246.0,3358302056,0
2026/04/05 13:37:19,card5,49.0,249.0,3353756655,0
2026/04/05 13:37:19,card6,47.0,245.0,3367073270,0
2026/04/05 13:37:19,card7,49.0,244.0,3355194893,0
2026/04/05 13:37:19,,,,,
2026/04/05 13:37:21,card0,55.0,887.0,1333738031,31
2026/04/05 13:37:21,card1,52.0,869.0,1325536097,31
2026/04/05 13:37:21,card2,53.0,871.0,1335730296,31
2026/04/05 13:37:21,card3,53.0,869.0,1358214879,31
2026/04/05 13:37:21,card4,51.0,246.0,3358302056,0
2026/04/05 13:37:21,card5,49.0,249.0,3353756655,0
2026/04/05 13:37:21,card6,47.0,244.0,3367073270,0
2026/04/05 13:37:21,card7,49.0,244.0,3355194893,0
2026/04/05 13:37:21,,,,,
2026/04/05 13:37:23,card0,55.0,883.0,1333950831,37
2026/04/05 13:37:23,card1,52.0,851.0,1325748997,37
2026/04/05 13:37:23,card2,53.0,853.0,1335943096,37
2026/04/05 13:37:23,card3,53.0,843.0,1358427679,37
2026/04/05 13:37:23,card4,51.0,245.0,3358302056,0
2026/04/05 13:37:23,card5,49.0,249.0,3353756655,0
2026/04/05 13:37:23,card6,47.0,244.0,3367073270,0
2026/04/05 13:37:23,card7,49.0,245.0,3355194893,0
2026/04/05 13:37:23,,,,,
2026/04/05 13:37:25,card0,55.0,850.0,1334163331,37
2026/04/05 13:37:25,card1,52.0,841.0,1325961497,37
2026/04/05 13:37:25,card2,53.0,865.0,1336155596,37
2026/04/05 13:37:25,card3,53.0,848.0,1358639979,36
2026/04/05 13:37:25,card4,51.0,246.0,3358302056,0
2026/04/05 13:37:25,card5,49.0,249.0,3353756655,0
2026/04/05 13:37:25,card6,47.0,245.0,3367073270,0
2026/04/05 13:37:25,card7,49.0,244.0,3355194893,0
2026/04/05 13:37:25,,,,,
2026/04/05 13:37:27,card0,55.0,854.0,1334376231,37
2026/04/05 13:37:27,card1,52.0,841.0,1326174397,37
2026/04/05 13:37:27,card2,53.0,849.0,1336368396,36
2026/04/05 13:37:27,card3,54.0,843.0,1358852879,36
2026/04/05 13:37:27,card4,51.0,246.0,3358302056,0
2026/04/05 13:37:27,card5,49.0,249.0,3353756655,0
2026/04/05 13:37:27,card6,47.0,244.0,3367073270,0
2026/04/05 13:37:27,card7,49.0,244.0,3355194893,0
2026/04/05 13:37:27,,,,,
2026/04/05 13:37:29,card0,55.0,874.0,1334589031,37
2026/04/05 13:37:29,card1,52.0,853.0,1326386997,37
2026/04/05 13:37:29,card2,53.0,871.0,1336581096,37
2026/04/05 13:37:29,card3,54.0,853.0,1359065579,37
2026/04/05 13:37:29,card4,51.0,246.0,3358302056,0
2026/04/05 13:37:29,card5,49.0,249.0,3353756655,0
2026/04/05 13:37:29,card6,47.0,244.0,3367073270,0
2026/04/05 13:37:29,card7,49.0,244.0,3355194893,0
2026/04/05 13:37:29,,,,,
2026/04/05 13:37:31,card0,55.0,859.0,1334801931,37
2026/04/05 13:37:31,card1,52.0,848.0,1326599997,37
2026/04/05 13:37:31,card2,53.0,862.0,1336794096,37
2026/04/05 13:37:31,card3,54.0,851.0,1359278579,37
2026/04/05 13:37:31,card4,51.0,246.0,3358302056,0
2026/04/05 13:37:31,card5,49.0,249.0,3353756655,0
2026/04/05 13:37:31,card6,47.0,243.0,3367073270,0
2026/04/05 13:37:31,card7,49.0,244.0,3355194893,0
2026/04/05 13:37:31,,,,,
2026/04/05 13:37:34,card0,56.0,869.0,1335014631,36
2026/04/05 13:37:34,card1,53.0,865.0,1326812697,36
2026/04/05 13:37:34,card2,53.0,872.0,1337006796,36
2026/04/05 13:37:34,card3,54.0,853.0,1359491279,36
2026/04/05 13:37:34,card4,51.0,246.0,3358302056,0
2026/04/05 13:37:34,card5,49.0,250.0,3353756655,0
2026/04/05 13:37:34,card6,47.0,245.0,3367073270,0
2026/04/05 13:37:34,card7,49.0,244.0,3355194893,0
2026/04/05 13:37:34,,,,,
2026/04/05 13:37:36,card0,56.0,894.0,1335227231,32
2026/04/05 13:37:36,card1,53.0,868.0,1327025297,32
2026/04/05 13:37:36,card2,53.0,874.0,1337219396,32
2026/04/05 13:37:36,card3,54.0,867.0,1359704079,32
2026/04/05 13:37:36,card4,51.0,247.0,3358302056,0
2026/04/05 13:37:36,card5,49.0,249.0,3353756655,0
2026/04/05 13:37:36,card6,47.0,243.0,3367073270,0
2026/04/05 13:37:36,card7,49.0,244.0,3355194893,0
2026/04/05 13:37:36,,,,,
2026/04/05 13:37:38,card0,56.0,874.0,1335440031,34
2026/04/05 13:37:38,card1,53.0,857.0,1327238097,34
2026/04/05 13:37:38,card2,53.0,874.0,1337432196,34
2026/04/05 13:37:38,card3,54.0,854.0,1359916679,34
2026/04/05 13:37:38,card4,51.0,246.0,3358302056,0
2026/04/05 13:37:38,card5,49.0,250.0,3353756655,0
2026/04/05 13:37:38,card6,47.0,244.0,3367073270,0
2026/04/05 13:37:38,card7,49.0,244.0,3355194893,0
2026/04/05 13:37:38,,,,,
2026/04/05 13:37:40,card0,56.0,876.0,1335652731,33
2026/04/05 13:37:40,card1,53.0,859.0,1327450797,33
2026/04/05 13:37:40,card2,53.0,868.0,1337644996,33
2026/04/05 13:37:40,card3,54.0,856.0,1360129579,33
2026/04/05 13:37:40,card4,51.0,247.0,3358302056,0
2026/04/05 13:37:40,card5,49.0,249.0,3353756655,0
2026/04/05 13:37:40,card6,47.0,244.0,3367073270,0
2026/04/05 13:37:40,card7,49.0,244.0,3355194893,0
2026/04/05 13:37:40,,,,,
2026/04/05 13:37:42,card0,56.0,876.0,1335865531,32
2026/04/05 13:37:42,card1,53.0,863.0,1327663697,32
2026/04/05 13:37:42,card2,53.0,866.0,1337857896,32
2026/04/05 13:37:42,card3,54.0,858.0,1360342379,32
2026/04/05 13:37:42,card4,51.0,246.0,3358302056,0
2026/04/05 13:37:42,card5,49.0,248.0,3353756655,0
2026/04/05 13:37:42,card6,47.0,244.0,3367073270,0
2026/04/05 13:37:42,card7,49.0,244.0,3355194893,0
2026/04/05 13:37:42,,,,,
2026/04/05 13:37:44,card0,56.0,865.0,1336078231,37
2026/04/05 13:37:44,card1,53.0,853.0,1327876397,37
2026/04/05 13:37:44,card2,53.0,859.0,1338070496,37
2026/04/05 13:37:44,card3,54.0,859.0,1360555079,36
2026/04/05 13:37:44,card4,51.0,246.0,3358302056,0
2026/04/05 13:37:44,card5,49.0,249.0,3353756655,0
2026/04/05 13:37:44,card6,47.0,245.0,3367073270,0
2026/04/05 13:37:44,card7,49.0,244.0,3355194893,0
2026/04/05 13:37:44,,,,,
2026/04/05 13:37:46,card0,55.0,864.0,1336291231,37
2026/04/05 13:37:46,card1,52.0,853.0,1328089397,37
2026/04/05 13:37:46,card2,53.0,848.0,1338283496,37
2026/04/05 13:37:46,card3,54.0,847.0,1360767879,37
2026/04/05 13:37:46,card4,51.0,246.0,3358302056,0
2026/04/05 13:37:46,card5,49.0,248.0,3353756655,0
2026/04/05 13:37:46,card6,47.0,244.0,3367073270,0
2026/04/05 13:37:46,card7,49.0,244.0,3355194893,0
2026/04/05 13:37:46,,,,,
2026/04/05 13:37:48,card0,55.0,859.0,1336504131,37
2026/04/05 13:37:48,card1,52.0,849.0,1328302297,37
2026/04/05 13:37:48,card2,53.0,847.0,1338496296,36
2026/04/05 13:37:48,card3,53.0,853.0,1360980779,37
2026/04/05 13:37:48,card4,51.0,246.0,3358302056,0
2026/04/05 13:37:48,card5,49.0,249.0,3353756655,0
2026/04/05 13:37:48,card6,47.0,245.0,3367073270,0
2026/04/05 13:37:48,card7,49.0,244.0,3355194893,0
2026/04/05 13:37:48,,,,,
2026/04/05 13:37:51,card0,55.0,864.0,1336716731,37
2026/04/05 13:37:51,card1,52.0,857.0,1328514797,37
2026/04/05 13:37:51,card2,53.0,850.0,1338708896,37
2026/04/05 13:37:51,card3,54.0,851.0,1361193379,37
2026/04/05 13:37:51,card4,51.0,246.0,3358302056,0
2026/04/05 13:37:51,card5,49.0,249.0,3353756655,0
2026/04/05 13:37:51,card6,47.0,244.0,3367073270,0
2026/04/05 13:37:51,card7,49.0,244.0,3355194893,0
2026/04/05 13:37:51,,,,,
2026/04/05 13:37:53,card0,55.0,865.0,1336929031,36
2026/04/05 13:37:53,card1,52.0,853.0,1328727097,37
2026/04/05 13:37:53,card2,53.0,849.0,1338921196,36
2026/04/05 13:37:53,card3,53.0,838.0,1361405679,36
2026/04/05 13:37:53,card4,51.0,246.0,3358302056,0
2026/04/05 13:37:53,card5,49.0,249.0,3353756655,0
2026/04/05 13:37:53,card6,47.0,245.0,3367073270,0
2026/04/05 13:37:53,card7,49.0,244.0,3355194893,0
2026/04/05 13:37:53,,,,,
2026/04/05 13:37:55,card0,55.0,873.0,1337141431,32
2026/04/05 13:37:55,card1,52.0,871.0,1328939497,32
2026/04/05 13:37:55,card2,53.0,867.0,1339133596,32
2026/04/05 13:37:55,card3,54.0,866.0,1361618079,32
2026/04/05 13:37:55,card4,51.0,247.0,3358302056,0
2026/04/05 13:37:55,card5,49.0,249.0,3353756655,0
2026/04/05 13:37:55,card6,47.0,245.0,3367073270,0
2026/04/05 13:37:55,card7,49.0,243.0,3355194893,0
2026/04/05 13:37:55,,,,,
2026/04/05 13:37:57,card0,55.0,866.0,1337353731,36
2026/04/05 13:37:57,card1,52.0,847.0,1329151797,37
2026/04/05 13:37:57,card2,53.0,854.0,1339345896,37
2026/04/05 13:37:57,card3,54.0,846.0,1361830379,36
2026/04/05 13:37:57,card4,51.0,246.0,3358302056,0
2026/04/05 13:37:57,card5,49.0,249.0,3353756655,0
2026/04/05 13:37:57,card6,47.0,244.0,3367073270,0
2026/04/05 13:37:57,card7,49.0,244.0,3355194893,0
2026/04/05 13:37:57,,,,,
2026/04/05 13:37:59,card0,56.0,878.0,1337566331,34
2026/04/05 13:37:59,card1,53.0,856.0,1329364397,34
2026/04/05 13:37:59,card2,53.0,874.0,1339558496,34
2026/04/05 13:37:59,card3,54.0,858.0,1362043179,34
2026/04/05 13:37:59,card4,51.0,246.0,3358302056,0
2026/04/05 13:37:59,card5,49.0,249.0,3353756655,0
2026/04/05 13:37:59,card6,47.0,245.0,3367073270,0
2026/04/05 13:37:59,card7,49.0,244.0,3355194893,0
2026/04/05 13:37:59,,,,,
2026/04/05 13:38:01,card0,56.0,895.0,1337778731,30
2026/04/05 13:38:01,card1,53.0,875.0,1329576797,30
2026/04/05 13:38:01,card2,53.0,871.0,1339770996,30
2026/04/05 13:38:01,card3,54.0,872.0,1362255579,30
2026/04/05 13:38:01,card4,51.0,246.0,3358302056,0
2026/04/05 13:38:01,card5,49.0,248.0,3353756655,0
2026/04/05 13:38:01,card6,47.0,245.0,3367073270,0
2026/04/05 13:38:01,card7,49.0,244.0,3355194893,0
2026/04/05 13:38:01,,,,,
2026/04/05 13:38:03,card0,56.0,860.0,1337991331,37
2026/04/05 13:38:03,card1,53.0,867.0,1329789397,37
2026/04/05 13:38:03,card2,53.0,856.0,1339983596,37
2026/04/05 13:38:03,card3,54.0,857.0,1362468179,37
2026/04/05 13:38:03,card4,51.0,246.0,3358302056,0
2026/04/05 13:38:03,card5,49.0,249.0,3353756655,0
2026/04/05 13:38:03,card6,47.0,244.0,3367073270,0
2026/04/05 13:38:03,card7,49.0,244.0,3355194893,0
2026/04/05 13:38:03,,,,,
2026/04/05 13:38:05,card0,56.0,862.0,1338204131,35
2026/04/05 13:38:05,card1,53.0,862.0,1330002297,35
2026/04/05 13:38:05,card2,53.0,872.0,1340196396,35
2026/04/05 13:38:05,card3,54.0,853.0,1362680979,34
2026/04/05 13:38:05,card4,51.0,246.0,3358302056,0
2026/04/05 13:38:05,card5,49.0,250.0,3353756655,0
2026/04/05 13:38:05,card6,47.0,245.0,3367073270,0
2026/04/05 13:38:05,card7,49.0,244.0,3355194893,0
2026/04/05 13:38:05,,,,,
2026/04/05 13:38:08,card0,56.0,853.0,1338417231,35
2026/04/05 13:38:08,card1,53.0,849.0,1330215397,35
2026/04/05 13:38:08,card2,53.0,852.0,1340409496,35
2026/04/05 13:38:08,card3,54.0,840.0,1362893879,35
2026/04/05 13:38:08,card4,51.0,247.0,3358302056,0
2026/04/05 13:38:08,card5,49.0,249.0,3353756655,0
2026/04/05 13:38:08,card6,47.0,244.0,3367073270,0
2026/04/05 13:38:08,card7,49.0,243.0,3355194893,0
2026/04/05 13:38:08,,,,,
2026/04/05 13:38:10,card0,55.0,856.0,1338629631,32
2026/04/05 13:38:10,card1,53.0,845.0,1330427797,32
2026/04/05 13:38:10,card2,53.0,864.0,1340621896,33
2026/04/05 13:38:10,card3,54.0,850.0,1363106379,32
2026/04/05 13:38:10,card4,51.0,246.0,3358302056,0
2026/04/05 13:38:10,card5,49.0,249.0,3353756655,0
2026/04/05 13:38:10,card6,47.0,244.0,3367073270,0
2026/04/05 13:38:10,card7,49.0,244.0,3355194893,0
2026/04/05 13:38:10,,,,,
2026/04/05 13:38:12,card0,55.0,844.0,1338842331,36
2026/04/05 13:38:12,card1,52.0,831.0,1330640397,36
2026/04/05 13:38:12,card2,53.0,841.0,1340834496,36
2026/04/05 13:38:12,card3,54.0,835.0,1363318979,35
2026/04/05 13:38:12,card4,51.0,246.0,3358302056,0
2026/04/05 13:38:12,card5,49.0,249.0,3353756655,0
2026/04/05 13:38:12,card6,47.0,244.0,3367073270,0
2026/04/05 13:38:12,card7,49.0,243.0,3355194893,0
2026/04/05 13:38:12,,,,,
2026/04/05 13:38:14,card0,55.0,831.0,1339054931,35
2026/04/05 13:38:14,card1,52.0,825.0,1330852997,36
2026/04/05 13:38:14,card2,53.0,834.0,1341047096,35
2026/04/05 13:38:14,card3,53.0,836.0,1363531579,35
2026/04/05 13:38:14,card4,51.0,246.0,3358302056,0
2026/04/05 13:38:14,card5,49.0,248.0,3353756655,0
2026/04/05 13:38:14,card6,47.0,244.0,3367073270,0
2026/04/05 13:38:14,card7,49.0,244.0,3355194893,0
2026/04/05 13:38:14,,,,,
2026/04/05 13:38:16,card0,55.0,838.0,1339267631,35
2026/04/05 13:38:16,card1,52.0,828.0,1331065697,35
2026/04/05 13:38:16,card2,53.0,831.0,1341259796,35
2026/04/05 13:38:16,card3,53.0,828.0,1363744279,35
2026/04/05 13:38:16,card4,51.0,246.0,3358302056,0
2026/04/05 13:38:16,card5,49.0,250.0,3353756655,0
2026/04/05 13:38:16,card6,47.0,244.0,3367073270,0
2026/04/05 13:38:16,card7,49.0,244.0,3355194893,0
2026/04/05 13:38:16,,,,,
2026/04/05 13:38:18,card0,55.0,845.0,1339479931,35
2026/04/05 13:38:18,card1,52.0,841.0,1331277997,36
2026/04/05 13:38:18,card2,53.0,846.0,1341472096,36
2026/04/05 13:38:18,card3,53.0,838.0,1363956579,35
2026/04/05 13:38:18,card4,51.0,246.0,3358302056,0
2026/04/05 13:38:18,card5,49.0,249.0,3353756655,0
2026/04/05 13:38:18,card6,47.0,244.0,3367073270,0
2026/04/05 13:38:18,card7,49.0,244.0,3355194893,0
2026/04/05 13:38:18,,,,,
2026/04/05 13:38:20,card0,55.0,869.0,1339692531,31
2026/04/05 13:38:20,card1,52.0,859.0,1331490597,30
2026/04/05 13:38:20,card2,53.0,866.0,1341684696,30
2026/04/05 13:38:20,card3,54.0,860.0,1364169379,30
2026/04/05 13:38:20,card4,51.0,246.0,3358302056,0
2026/04/05 13:38:20,card5,49.0,249.0,3353756655,0
2026/04/05 13:38:20,card6,47.0,245.0,3367073270,0
2026/04/05 13:38:20,card7,49.0,244.0,3355194893,0
2026/04/05 13:38:20,,,,,
2026/04/05 13:38:22,card0,55.0,874.0,1339905031,34
2026/04/05 13:38:22,card1,53.0,870.0,1331703097,34
2026/04/05 13:38:22,card2,53.0,862.0,1341897296,34
2026/04/05 13:38:22,card3,54.0,862.0,1364381879,34
2026/04/05 13:38:22,card4,51.0,247.0,3358302056,0
2026/04/05 13:38:22,card5,49.0,250.0,3353756655,0
2026/04/05 13:38:22,card6,47.0,244.0,3367073270,0
2026/04/05 13:38:22,card7,49.0,244.0,3355194893,0
2026/04/05 13:38:22,,,,,
2026/04/05 13:38:25,card0,56.0,889.0,1340117631,30
2026/04/05 13:38:25,card1,53.0,877.0,1331915797,30
2026/04/05 13:38:25,card2,53.0,878.0,1342109996,30
2026/04/05 13:38:25,card3,54.0,875.0,1364594479,29
2026/04/05 13:38:25,card4,51.0,246.0,3358302056,0
2026/04/05 13:38:25,card5,49.0,250.0,3353756655,0
2026/04/05 13:38:25,card6,47.0,244.0,3367073270,0
2026/04/05 13:38:25,card7,49.0,244.0,3355194893,0
2026/04/05 13:38:25,,,,,
2026/04/05 13:38:27,card0,56.0,874.0,1340330831,31
2026/04/05 13:38:27,card1,53.0,872.0,1332128997,32
2026/04/05 13:38:27,card2,53.0,869.0,1342323096,32
2026/04/05 13:38:27,card3,54.0,868.0,1364807679,32
2026/04/05 13:38:27,card4,51.0,245.0,3358302056,0
2026/04/05 13:38:27,card5,49.0,249.0,3353756655,0
2026/04/05 13:38:27,card6,47.0,244.0,3367073270,0
2026/04/05 13:38:27,card7,49.0,244.0,3355194893,0
2026/04/05 13:38:27,,,,,
2026/04/05 13:38:29,card0,56.0,863.0,1340543831,36
2026/04/05 13:38:29,card1,53.0,838.0,1332341997,36
2026/04/05 13:38:29,card2,53.0,853.0,1342535996,36
2026/04/05 13:38:29,card3,54.0,846.0,1365020479,36
2026/04/05 13:38:29,card4,51.0,246.0,3358302056,0
2026/04/05 13:38:29,card5,49.0,249.0,3353756655,0
2026/04/05 13:38:29,card6,47.0,244.0,3367073270,0
2026/04/05 13:38:29,card7,49.0,245.0,3355194893,0
2026/04/05 13:38:29,,,,,
2026/04/05 13:38:31,card0,55.0,864.0,1340756631,34
2026/04/05 13:38:31,card1,52.0,854.0,1332554597,34
2026/04/05 13:38:31,card2,53.0,868.0,1342748696,34
2026/04/05 13:38:31,card3,54.0,855.0,1365233179,34
2026/04/05 13:38:31,card4,51.0,246.0,3358302056,0
2026/04/05 13:38:31,card5,49.0,249.0,3353756655,0
2026/04/05 13:38:31,card6,47.0,244.0,3367073270,0
2026/04/05 13:38:31,card7,49.0,244.0,3355194893,0
2026/04/05 13:38:31,,,,,
2026/04/05 13:38:33,card0,55.0,859.0,1340969231,37
2026/04/05 13:38:33,card1,52.0,855.0,1332767297,37
2026/04/05 13:38:33,card2,53.0,849.0,1342961396,37
2026/04/05 13:38:33,card3,54.0,850.0,1365445879,37
2026/04/05 13:38:33,card4,51.0,247.0,3358302056,0
2026/04/05 13:38:33,card5,49.0,249.0,3353756655,0
2026/04/05 13:38:33,card6,47.0,245.0,3367073270,0
2026/04/05 13:38:33,card7,49.0,245.0,3355194893,0
2026/04/05 13:38:33,,,,,
2026/04/05 13:38:35,card0,55.0,866.0,1341182731,37
2026/04/05 13:38:35,card1,52.0,838.0,1332980797,37
2026/04/05 13:38:35,card2,53.0,844.0,1343174896,37
2026/04/05 13:38:35,card3,54.0,845.0,1365659379,37
2026/04/05 13:38:35,card4,51.0,246.0,3358302056,0
2026/04/05 13:38:35,card5,49.0,249.0,3353756655,0
2026/04/05 13:38:35,card6,47.0,244.0,3367073270,0
2026/04/05 13:38:35,card7,49.0,244.0,3355194893,0
2026/04/05 13:38:35,,,,,
2026/04/05 13:38:37,card0,55.0,869.0,1341395531,37
2026/04/05 13:38:37,card1,52.0,838.0,1333193597,37
2026/04/05 13:38:37,card2,53.0,850.0,1343387696,37
2026/04/05 13:38:37,card3,54.0,852.0,1365872179,37
2026/04/05 13:38:37,card4,51.0,246.0,3358302056,0
2026/04/05 13:38:37,card5,49.0,249.0,3353756655,0
2026/04/05 13:38:37,card6,47.0,244.0,3367073270,0
2026/04/05 13:38:37,card7,49.0,244.0,3355194893,0
2026/04/05 13:38:37,,,,,
2026/04/05 13:38:39,card0,55.0,859.0,1341608031,36
2026/04/05 13:38:39,card1,52.0,851.0,1333406097,37
2026/04/05 13:38:39,card2,53.0,849.0,1343600196,36
2026/04/05 13:38:39,card3,54.0,843.0,1366084679,36
2026/04/05 13:38:39,card4,51.0,246.0,3358302056,0
2026/04/05 13:38:39,card5,49.0,250.0,3353756655,0
2026/04/05 13:38:39,card6,47.0,244.0,3367073270,0
2026/04/05 13:38:39,card7,49.0,244.0,3355194893,0
2026/04/05 13:38:39,,,,,
2026/04/05 13:38:42,card0,55.0,858.0,1341820631,36
2026/04/05 13:38:42,card1,52.0,845.0,1333618697,37
2026/04/05 13:38:42,card2,53.0,841.0,1343812896,36
2026/04/05 13:38:42,card3,54.0,856.0,1366297479,37
2026/04/05 13:38:42,card4,51.0,246.0,3358302056,0
2026/04/05 13:38:42,card5,49.0,249.0,3353756655,0
2026/04/05 13:38:42,card6,47.0,244.0,3367073270,0
2026/04/05 13:38:42,card7,49.0,244.0,3355194893,0
2026/04/05 13:38:42,,,,,
2026/04/05 13:38:44,card0,55.0,864.0,1342033231,38
2026/04/05 13:38:44,card1,52.0,858.0,1333831297,38
2026/04/05 13:38:44,card2,53.0,860.0,1344025496,38
2026/04/05 13:38:44,card3,54.0,861.0,1366510079,38
2026/04/05 13:38:44,card4,51.0,245.0,3358302056,0
2026/04/05 13:38:44,card5,49.0,249.0,3353756655,0
2026/04/05 13:38:44,card6,47.0,245.0,3367073270,0
2026/04/05 13:38:44,card7,49.0,244.0,3355194893,0
2026/04/05 13:38:44,,,,,
2026/04/05 13:38:46,card0,55.0,838.0,1342246031,35
2026/04/05 13:38:46,card1,52.0,837.0,1334044097,35
2026/04/05 13:38:46,card2,53.0,838.0,1344238296,35
2026/04/05 13:38:46,card3,53.0,834.0,1366722879,35
2026/04/05 13:38:46,card4,51.0,246.0,3358302056,0
2026/04/05 13:38:46,card5,49.0,249.0,3353756655,0
2026/04/05 13:38:46,card6,47.0,245.0,3367073270,0
2026/04/05 13:38:46,card7,49.0,244.0,3355194893,0
2026/04/05 13:38:46,,,,,
2026/04/05 13:38:48,card0,55.0,778.0,1342458631,35
2026/04/05 13:38:48,card1,52.0,771.0,1334256797,35
2026/04/05 13:38:48,card2,53.0,761.0,1344450896,35
2026/04/05 13:38:48,card3,53.0,794.0,1366935279,38
2026/04/05 13:38:48,card4,51.0,246.0,3358302056,0
2026/04/05 13:38:48,card5,49.0,249.0,3353756655,0
2026/04/05 13:38:48,card6,47.0,244.0,3367073270,0
2026/04/05 13:38:48,card7,49.0,245.0,3355194893,0
2026/04/05 13:38:48,,,,,
2026/04/05 13:38:50,card0,55.0,701.0,1342671031,29
2026/04/05 13:38:50,card1,51.0,712.0,1334469197,30
2026/04/05 13:38:50,card2,52.0,698.0,1344663196,29
2026/04/05 13:38:50,card3,53.0,700.0,1367147679,30
2026/04/05 13:38:50,card4,51.0,245.0,3358302056,0
2026/04/05 13:38:50,card5,49.0,249.0,3353756655,0
2026/04/05 13:38:50,card6,47.0,244.0,3367073270,0
2026/04/05 13:38:50,card7,49.0,244.0,3355194893,0
2026/04/05 13:38:50,,,,,
2026/04/05 13:38:52,card0,54.0,546.0,1342883531,17
2026/04/05 13:38:52,card1,51.0,540.0,1334681497,17
2026/04/05 13:38:52,card2,51.0,538.0,1344875596,16
2026/04/05 13:38:52,card3,53.0,647.0,1367360079,26
2026/04/05 13:38:52,card4,51.0,246.0,3358302056,0
2026/04/05 13:38:52,card5,49.0,250.0,3353756655,0
2026/04/05 13:38:52,card6,47.0,244.0,3367073270,0
2026/04/05 13:38:52,card7,49.0,245.0,3355194893,0
2026/04/05 13:38:52,,,,,
2026/04/05 13:38:54,card0,53.0,367.0,1343085580,4
2026/04/05 13:38:54,card1,50.0,361.0,1334883646,4
2026/04/05 13:38:54,card2,50.0,365.0,1345077746,4
2026/04/05 13:38:54,card3,52.0,373.0,1367562229,5
2026/04/05 13:38:54,card4,51.0,246.0,3358302056,0
2026/04/05 13:38:54,card5,49.0,249.0,3353756655,0
2026/04/05 13:38:54,card6,47.0,244.0,3367073270,0
2026/04/05 13:38:54,card7,49.0,244.0,3355194893,0
2026/04/05 13:38:54,,,,,
