timestamp, index, power.draw [W], temperature.gpu, clocks.current.sm [MHz], utilization.gpu [%], memory.used [MiB]
2026/04/07 08:37:32.817, 0, 249.13 W, 36, 1965 MHz, 0 %, 162717 MiB
2026/04/07 08:37:32.826, 1, 257.90 W, 39, 1965 MHz, 0 %, 162587 MiB
2026/04/07 08:37:32.829, 2, 251.67 W, 35, 1965 MHz, 0 %, 162717 MiB
2026/04/07 08:37:32.832, 3, 252.01 W, 40, 1965 MHz, 0 %, 162717 MiB
2026/04/07 08:37:32.834, 4, 197.67 W, 32, 120 MHz, 0 %, 0 MiB
2026/04/07 08:37:32.839, 5, 195.08 W, 36, 120 MHz, 0 %, 0 MiB
2026/04/07 08:37:32.843, 6, 189.90 W, 32, 120 MHz, 0 %, 0 MiB
2026/04/07 08:37:32.848, 7, 195.20 W, 36, 120 MHz, 0 %, 0 MiB
2026/04/07 08:37:34.852, 0, 245.78 W, 36, 1965 MHz, 0 %, 162717 MiB
2026/04/07 08:37:34.852, 1, 254.59 W, 39, 1965 MHz, 0 %, 162587 MiB
2026/04/07 08:37:34.853, 2, 249.12 W, 35, 1965 MHz, 0 %, 162717 MiB
2026/04/07 08:37:34.853, 3, 248.85 W, 40, 1965 MHz, 0 %, 162717 MiB
2026/04/07 08:37:34.854, 4, 197.63 W, 32, 120 MHz, 0 %, 0 MiB
2026/04/07 08:37:34.854, 5, 195.07 W, 36, 120 MHz, 0 %, 0 MiB
2026/04/07 08:37:34.854, 6, 189.88 W, 32, 120 MHz, 0 %, 0 MiB
2026/04/07 08:37:34.854, 7, 195.19 W, 36, 120 MHz, 0 %, 0 MiB
2026/04/07 08:37:36.855, 0, 245.69 W, 35, 1965 MHz, 0 %, 162717 MiB
2026/04/07 08:37:36.855, 1, 254.56 W, 39, 1965 MHz, 0 %, 162587 MiB
2026/04/07 08:37:36.856, 2, 249.09 W, 35, 1965 MHz, 0 %, 162717 MiB
2026/04/07 08:37:36.856, 3, 248.81 W, 40, 1965 MHz, 0 %, 162717 MiB
2026/04/07 08:37:36.856, 4, 197.67 W, 32, 120 MHz, 0 %, 0 MiB
2026/04/07 08:37:36.857, 5, 195.07 W, 36, 120 MHz, 0 %, 0 MiB
2026/04/07 08:37:36.857, 6, 189.88 W, 32, 120 MHz, 0 %, 0 MiB
2026/04/07 08:37:36.857, 7, 195.23 W, 36, 120 MHz, 0 %, 0 MiB
2026/04/07 08:37:38.858, 0, 774.45 W, 47, 1965 MHz, 100 %, 166657 MiB
2026/04/07 08:37:38.858, 1, 763.04 W, 50, 1965 MHz, 100 %, 166527 MiB
2026/04/07 08:37:38.858, 2, 775.59 W, 46, 1965 MHz, 100 %, 166657 MiB
2026/04/07 08:37:38.859, 3, 775.36 W, 51, 1965 MHz, 100 %, 166657 MiB
2026/04/07 08:37:38.859, 4, 197.65 W, 32, 120 MHz, 0 %, 0 MiB
2026/04/07 08:37:38.859, 5, 195.09 W, 36, 120 MHz, 0 %, 0 MiB
2026/04/07 08:37:38.859, 6, 189.89 W, 32, 120 MHz, 0 %, 0 MiB
2026/04/07 08:37:38.860, 7, 195.17 W, 36, 120 MHz, 0 %, 0 MiB
2026/04/07 08:37:40.860, 0, 614.62 W, 43, 1965 MHz, 100 %, 166657 MiB
2026/04/07 08:37:40.861, 1, 631.47 W, 46, 1965 MHz, 100 %, 166527 MiB
2026/04/07 08:37:40.861, 2, 607.85 W, 42, 1965 MHz, 100 %, 166657 MiB
2026/04/07 08:37:40.861, 3, 619.07 W, 47, 1965 MHz, 100 %, 166657 MiB
2026/04/07 08:37:40.862, 4, 197.63 W, 32, 120 MHz, 0 %, 0 MiB
2026/04/07 08:37:40.862, 5, 195.07 W, 36, 120 MHz, 0 %, 0 MiB
2026/04/07 08:37:40.862, 6, 189.88 W, 32, 120 MHz, 0 %, 0 MiB
2026/04/07 08:37:40.862, 7, 195.23 W, 36, 120 MHz, 0 %, 0 MiB
2026/04/07 08:37:42.863, 0, 619.20 W, 43, 1965 MHz, 100 %, 166657 MiB
2026/04/07 08:37:42.863, 1, 639.85 W, 47, 1965 MHz, 100 %, 166527 MiB
2026/04/07 08:37:42.864, 2, 616.91 W, 43, 1965 MHz, 100 %, 166657 MiB
2026/04/07 08:37:42.864, 3, 626.08 W, 48, 1965 MHz, 100 %, 166657 MiB
2026/04/07 08:37:42.864, 4, 197.63 W, 32, 120 MHz, 0 %, 0 MiB
2026/04/07 08:37:42.864, 5, 195.08 W, 36, 120 MHz, 0 %, 0 MiB
2026/04/07 08:37:42.865, 6, 189.89 W, 32, 120 MHz, 0 %, 0 MiB
2026/04/07 08:37:42.865, 7, 195.24 W, 36, 120 MHz, 0 %, 0 MiB
2026/04/07 08:37:44.865, 0, 626.41 W, 44, 1965 MHz, 100 %, 166657 MiB
2026/04/07 08:37:44.866, 1, 646.52 W, 47, 1965 MHz, 100 %, 166527 MiB
2026/04/07 08:37:44.866, 2, 622.89 W, 43, 1965 MHz, 100 %, 166657 MiB
2026/04/07 08:37:44.867, 3, 628.65 W, 48, 1965 MHz, 100 %, 166657 MiB
2026/04/07 08:37:44.867, 4, 197.61 W, 32, 120 MHz, 0 %, 0 MiB
2026/04/07 08:37:44.867, 5, 195.08 W, 36, 120 MHz, 0 %, 0 MiB
2026/04/07 08:37:44.868, 6, 189.88 W, 32, 120 MHz, 0 %, 0 MiB
2026/04/07 08:37:44.868, 7, 195.22 W, 36, 120 MHz, 0 %, 0 MiB
2026/04/07 08:37:46.868, 0, 638.46 W, 44, 1965 MHz, 100 %, 166657 MiB
2026/04/07 08:37:46.869, 1, 656.69 W, 47, 1965 MHz, 100 %, 166527 MiB
2026/04/07 08:37:46.869, 2, 637.06 W, 44, 1965 MHz, 100 %, 166657 MiB
2026/04/07 08:37:46.869, 3, 638.49 W, 49, 1965 MHz, 100 %, 166657 MiB
2026/04/07 08:37:46.870, 4, 197.70 W, 32, 120 MHz, 0 %, 0 MiB
2026/04/07 08:37:46.870, 5, 195.09 W, 36, 120 MHz, 0 %, 0 MiB
2026/04/07 08:37:46.870, 6, 189.88 W, 32, 120 MHz, 0 %, 0 MiB
2026/04/07 08:37:46.870, 7, 195.24 W, 36, 120 MHz, 0 %, 0 MiB
2026/04/07 08:37:48.871, 0, 644.74 W, 44, 1965 MHz, 100 %, 166657 MiB
2026/04/07 08:37:48.871, 1, 663.44 W, 48, 1965 MHz, 100 %, 166527 MiB
2026/04/07 08:37:48.872, 2, 639.25 W, 44, 1965 MHz, 100 %, 166657 MiB
2026/04/07 08:37:48.872, 3, 648.89 W, 49, 1965 MHz, 100 %, 166657 MiB
2026/04/07 08:37:48.872, 4, 197.70 W, 32, 120 MHz, 0 %, 0 MiB
2026/04/07 08:37:48.873, 5, 195.07 W, 36, 120 MHz, 0 %, 0 MiB
2026/04/07 08:37:48.873, 6, 189.90 W, 33, 120 MHz, 0 %, 0 MiB
2026/04/07 08:37:48.873, 7, 195.18 W, 36, 120 MHz, 0 %, 0 MiB
2026/04/07 08:37:50.874, 0, 931.94 W, 51, 1965 MHz, 100 %, 166659 MiB
2026/04/07 08:37:50.874, 1, 951.33 W, 54, 1950 MHz, 100 %, 166529 MiB
2026/04/07 08:37:50.875, 2, 935.98 W, 51, 1957 MHz, 100 %, 166659 MiB
2026/04/07 08:37:50.875, 3, 931.31 W, 56, 1965 MHz, 100 %, 166659 MiB
2026/04/07 08:37:50.875, 4, 197.68 W, 32, 120 MHz, 0 %, 0 MiB
2026/04/07 08:37:50.876, 5, 195.04 W, 36, 120 MHz, 0 %, 0 MiB
2026/04/07 08:37:50.876, 6, 189.91 W, 33, 120 MHz, 0 %, 0 MiB
2026/04/07 08:37:50.876, 7, 195.15 W, 36, 120 MHz, 0 %, 0 MiB
2026/04/07 08:37:52.876, 0, 624.33 W, 45, 1965 MHz, 100 %, 166659 MiB
2026/04/07 08:37:52.877, 1, 634.37 W, 49, 1965 MHz, 100 %, 166529 MiB
2026/04/07 08:37:52.878, 2, 615.35 W, 45, 1965 MHz, 100 %, 166659 MiB
2026/04/07 08:37:52.878, 3, 624.19 W, 50, 1965 MHz, 100 %, 166659 MiB
2026/04/07 08:37:52.878, 4, 197.65 W, 32, 120 MHz, 0 %, 0 MiB
2026/04/07 08:37:52.879, 5, 195.08 W, 36, 120 MHz, 0 %, 0 MiB
2026/04/07 08:37:52.879, 6, 189.91 W, 33, 120 MHz, 0 %, 0 MiB
2026/04/07 08:37:52.879, 7, 195.19 W, 36, 120 MHz, 0 %, 0 MiB
2026/04/07 08:37:54.880, 0, 633.56 W, 45, 1965 MHz, 100 %, 166659 MiB
2026/04/07 08:37:54.880, 1, 646.53 W, 49, 1965 MHz, 100 %, 166529 MiB
2026/04/07 08:37:54.880, 2, 626.40 W, 45, 1965 MHz, 100 %, 166659 MiB
2026/04/07 08:37:54.881, 3, 631.13 W, 50, 1965 MHz, 100 %, 166659 MiB
2026/04/07 08:37:54.881, 4, 197.65 W, 32, 120 MHz, 0 %, 0 MiB
2026/04/07 08:37:54.881, 5, 195.07 W, 36, 120 MHz, 0 %, 0 MiB
2026/04/07 08:37:54.882, 6, 189.92 W, 33, 120 MHz, 0 %, 0 MiB
2026/04/07 08:37:54.882, 7, 195.22 W, 36, 120 MHz, 0 %, 0 MiB
2026/04/07 08:37:56.882, 0, 631.06 W, 46, 1965 MHz, 100 %, 166659 MiB
2026/04/07 08:37:56.883, 1, 654.15 W, 49, 1965 MHz, 100 %, 166529 MiB
2026/04/07 08:37:56.883, 2, 633.40 W, 45, 1965 MHz, 100 %, 166659 MiB
2026/04/07 08:37:56.884, 3, 638.61 W, 51, 1965 MHz, 100 %, 166659 MiB
2026/04/07 08:37:56.884, 4, 197.65 W, 32, 120 MHz, 0 %, 0 MiB
2026/04/07 08:37:56.884, 5, 195.05 W, 36, 120 MHz, 0 %, 0 MiB
2026/04/07 08:37:56.884, 6, 189.91 W, 33, 120 MHz, 0 %, 0 MiB
2026/04/07 08:37:56.885, 7, 195.24 W, 36, 120 MHz, 0 %, 0 MiB
2026/04/07 08:37:58.885, 0, 645.30 W, 46, 1965 MHz, 100 %, 166659 MiB
2026/04/07 08:37:58.886, 1, 662.86 W, 50, 1965 MHz, 100 %, 166529 MiB
2026/04/07 08:37:58.886, 2, 640.19 W, 46, 1965 MHz, 100 %, 166659 MiB
2026/04/07 08:37:58.886, 3, 642.62 W, 51, 1965 MHz, 100 %, 166659 MiB
2026/04/07 08:37:58.887, 4, 197.74 W, 32, 120 MHz, 0 %, 0 MiB
2026/04/07 08:37:58.887, 5, 195.07 W, 36, 120 MHz, 0 %, 0 MiB
2026/04/07 08:37:58.887, 6, 189.88 W, 33, 120 MHz, 0 %, 0 MiB
2026/04/07 08:37:58.887, 7, 195.18 W, 36, 120 MHz, 0 %, 0 MiB
2026/04/07 08:38:00.888, 0, 653.82 W, 46, 1965 MHz, 100 %, 166659 MiB
2026/04/07 08:38:00.888, 1, 670.37 W, 50, 1965 MHz, 100 %, 166529 MiB
2026/04/07 08:38:00.889, 2, 641.99 W, 46, 1965 MHz, 100 %, 166659 MiB
2026/04/07 08:38:00.889, 3, 655.18 W, 51, 1965 MHz, 100 %, 166659 MiB
2026/04/07 08:38:00.889, 4, 197.76 W, 32, 120 MHz, 0 %, 0 MiB
2026/04/07 08:38:00.890, 5, 195.09 W, 36, 120 MHz, 0 %, 0 MiB
2026/04/07 08:38:00.890, 6, 189.91 W, 33, 120 MHz, 0 %, 0 MiB
2026/04/07 08:38:00.890, 7, 195.18 W, 36, 120 MHz, 0 %, 0 MiB
2026/04/07 08:38:02.891, 0, 918.43 W, 49, 1965 MHz, 100 %, 168849 MiB
2026/04/07 08:38:02.891, 1, 915.40 W, 53, 1965 MHz, 100 %, 168719 MiB
2026/04/07 08:38:02.891, 2, 917.19 W, 49, 1965 MHz, 100 %, 168849 MiB
2026/04/07 08:38:02.892, 3, 906.28 W, 55, 1965 MHz, 100 %, 168849 MiB
2026/04/07 08:38:02.892, 4, 197.76 W, 32, 120 MHz, 0 %, 0 MiB
2026/04/07 08:38:02.892, 5, 195.09 W, 36, 120 MHz, 0 %, 0 MiB
2026/04/07 08:38:02.893, 6, 190.00 W, 33, 120 MHz, 0 %, 0 MiB
2026/04/07 08:38:02.893, 7, 195.09 W, 36, 120 MHz, 0 %, 0 MiB
2026/04/07 08:38:04.893, 0, 890.87 W, 50, 1965 MHz, 100 %, 168849 MiB
2026/04/07 08:38:04.894, 1, 908.91 W, 54, 1965 MHz, 100 %, 168719 MiB
2026/04/07 08:38:04.894, 2, 880.62 W, 50, 1965 MHz, 100 %, 168849 MiB
2026/04/07 08:38:04.894, 3, 890.73 W, 55, 1965 MHz, 100 %, 168849 MiB
2026/04/07 08:38:04.895, 4, 197.76 W, 32, 120 MHz, 0 %, 0 MiB
2026/04/07 08:38:04.895, 5, 195.08 W, 36, 120 MHz, 0 %, 0 MiB
2026/04/07 08:38:04.895, 6, 189.96 W, 33, 120 MHz, 0 %, 0 MiB
2026/04/07 08:38:04.896, 7, 195.20 W, 36, 120 MHz, 0 %, 0 MiB
2026/04/07 08:38:06.896, 0, 896.68 W, 50, 1965 MHz, 100 %, 168849 MiB
2026/04/07 08:38:06.896, 1, 907.71 W, 54, 1965 MHz, 100 %, 168719 MiB
2026/04/07 08:38:06.897, 2, 885.59 W, 50, 1965 MHz, 100 %, 168849 MiB
2026/04/07 08:38:06.897, 3, 895.77 W, 56, 1965 MHz, 100 %, 168849 MiB
2026/04/07 08:38:06.898, 4, 197.69 W, 32, 120 MHz, 0 %, 0 MiB
2026/04/07 08:38:06.898, 5, 195.08 W, 36, 120 MHz, 0 %, 0 MiB
2026/04/07 08:38:06.898, 6, 189.93 W, 33, 120 MHz, 0 %, 0 MiB
2026/04/07 08:38:06.898, 7, 195.21 W, 36, 120 MHz, 0 %, 0 MiB
2026/04/07 08:38:08.899, 0, 894.92 W, 51, 1965 MHz, 100 %, 168849 MiB
2026/04/07 08:38:08.899, 1, 910.00 W, 55, 1965 MHz, 100 %, 168719 MiB
2026/04/07 08:38:08.900, 2, 879.99 W, 50, 1965 MHz, 100 %, 168849 MiB
2026/04/07 08:38:08.900, 3, 899.37 W, 56, 1965 MHz, 100 %, 168849 MiB
2026/04/07 08:38:08.900, 4, 197.75 W, 32, 120 MHz, 0 %, 0 MiB
2026/04/07 08:38:08.901, 5, 195.07 W, 36, 120 MHz, 0 %, 0 MiB
2026/04/07 08:38:08.901, 6, 189.90 W, 33, 120 MHz, 0 %, 0 MiB
2026/04/07 08:38:08.901, 7, 195.27 W, 36, 120 MHz, 0 %, 0 MiB
2026/04/07 08:38:10.901, 0, 892.88 W, 51, 1965 MHz, 100 %, 168849 MiB
2026/04/07 08:38:10.902, 1, 915.17 W, 55, 1965 MHz, 100 %, 168719 MiB
2026/04/07 08:38:10.902, 2, 887.40 W, 51, 1965 MHz, 100 %, 168849 MiB
2026/04/07 08:38:10.903, 3, 900.76 W, 57, 1965 MHz, 100 %, 168849 MiB
2026/04/07 08:38:10.903, 4, 197.77 W, 32, 120 MHz, 0 %, 0 MiB
2026/04/07 08:38:10.903, 5, 195.18 W, 36, 120 MHz, 0 %, 0 MiB
2026/04/07 08:38:10.904, 6, 189.95 W, 33, 120 MHz, 0 %, 0 MiB
2026/04/07 08:38:10.904, 7, 195.19 W, 36, 120 MHz, 0 %, 0 MiB
2026/04/07 08:38:12.904, 0, 888.92 W, 52, 1965 MHz, 100 %, 168849 MiB
2026/04/07 08:38:12.905, 1, 916.26 W, 56, 1965 MHz, 100 %, 168719 MiB
2026/04/07 08:38:12.905, 2, 889.30 W, 51, 1965 MHz, 100 %, 168849 MiB
2026/04/07 08:38:12.906, 3, 899.35 W, 57, 1965 MHz, 100 %, 168849 MiB
2026/04/07 08:38:12.906, 4, 197.84 W, 33, 120 MHz, 0 %, 0 MiB
2026/04/07 08:38:12.906, 5, 195.12 W, 36, 120 MHz, 0 %, 0 MiB
2026/04/07 08:38:12.907, 6, 190.03 W, 33, 120 MHz, 0 %, 0 MiB
2026/04/07 08:38:12.907, 7, 195.20 W, 36, 120 MHz, 0 %, 0 MiB
2026/04/07 08:38:14.908, 0, 899.10 W, 52, 1965 MHz, 100 %, 168849 MiB
2026/04/07 08:38:14.908, 1, 920.99 W, 56, 1965 MHz, 100 %, 168719 MiB
2026/04/07 08:38:14.908, 2, 894.04 W, 52, 1965 MHz, 100 %, 168849 MiB
2026/04/07 08:38:14.909, 3, 902.61 W, 58, 1965 MHz, 100 %, 168849 MiB
2026/04/07 08:38:14.909, 4, 197.79 W, 33, 120 MHz, 0 %, 0 MiB
2026/04/07 08:38:14.909, 5, 195.11 W, 36, 120 MHz, 0 %, 0 MiB
2026/04/07 08:38:14.910, 6, 190.05 W, 33, 120 MHz, 0 %, 0 MiB
2026/04/07 08:38:14.910, 7, 195.22 W, 36, 120 MHz, 0 %, 0 MiB
2026/04/07 08:38:16.911, 0, 898.98 W, 52, 1965 MHz, 100 %, 168849 MiB
2026/04/07 08:38:16.911, 1, 917.89 W, 56, 1965 MHz, 100 %, 168719 MiB
2026/04/07 08:38:16.912, 2, 888.78 W, 52, 1965 MHz, 100 %, 168849 MiB
2026/04/07 08:38:16.912, 3, 904.39 W, 58, 1965 MHz, 100 %, 168849 MiB
2026/04/07 08:38:16.913, 4, 197.95 W, 33, 120 MHz, 0 %, 0 MiB
2026/04/07 08:38:16.913, 5, 195.14 W, 36, 120 MHz, 0 %, 0 MiB
2026/04/07 08:38:16.913, 6, 190.06 W, 33, 120 MHz, 0 %, 0 MiB
2026/04/07 08:38:16.913, 7, 195.19 W, 36, 120 MHz, 0 %, 0 MiB
2026/04/07 08:38:18.914, 0, 893.63 W, 53, 1965 MHz, 95 %, 168849 MiB
2026/04/07 08:38:18.915, 1, 913.01 W, 57, 1965 MHz, 95 %, 168719 MiB
2026/04/07 08:38:18.915, 2, 893.19 W, 52, 1965 MHz, 99 %, 168849 MiB
2026/04/07 08:38:18.915, 3, 904.55 W, 59, 1965 MHz, 96 %, 168849 MiB
2026/04/07 08:38:18.916, 4, 197.82 W, 33, 120 MHz, 0 %, 0 MiB
2026/04/07 08:38:18.916, 5, 195.21 W, 36, 120 MHz, 0 %, 0 MiB
2026/04/07 08:38:18.916, 6, 189.94 W, 33, 120 MHz, 0 %, 0 MiB
2026/04/07 08:38:18.917, 7, 195.15 W, 36, 120 MHz, 0 %, 0 MiB
2026/04/07 08:38:20.917, 0, 901.76 W, 52, 1965 MHz, 100 %, 168849 MiB
2026/04/07 08:38:20.918, 1, 926.94 W, 58, 1965 MHz, 100 %, 168719 MiB
2026/04/07 08:38:20.918, 2, 904.15 W, 55, 1965 MHz, 100 %, 168849 MiB
2026/04/07 08:38:20.919, 3, 912.47 W, 59, 1950 MHz, 100 %, 168849 MiB
2026/04/07 08:38:20.919, 4, 197.84 W, 33, 120 MHz, 0 %, 0 MiB
2026/04/07 08:38:20.919, 5, 195.10 W, 36, 120 MHz, 0 %, 0 MiB
2026/04/07 08:38:20.920, 6, 189.96 W, 33, 120 MHz, 0 %, 0 MiB
2026/04/07 08:38:20.920, 7, 195.18 W, 36, 120 MHz, 0 %, 0 MiB
2026/04/07 08:38:22.920, 0, 895.53 W, 53, 1965 MHz, 100 %, 168849 MiB
2026/04/07 08:38:22.921, 1, 918.84 W, 57, 1965 MHz, 100 %, 168719 MiB
2026/04/07 08:38:22.921, 2, 888.57 W, 53, 1965 MHz, 100 %, 168849 MiB
2026/04/07 08:38:22.922, 3, 898.96 W, 59, 1965 MHz, 100 %, 168849 MiB
2026/04/07 08:38:22.922, 4, 197.81 W, 33, 120 MHz, 0 %, 0 MiB
2026/04/07 08:38:22.922, 5, 195.19 W, 36, 120 MHz, 0 %, 0 MiB
2026/04/07 08:38:22.923, 6, 189.92 W, 33, 120 MHz, 0 %, 0 MiB
2026/04/07 08:38:22.923, 7, 195.13 W, 36, 120 MHz, 0 %, 0 MiB
2026/04/07 08:38:24.923, 0, 889.56 W, 53, 1965 MHz, 100 %, 168849 MiB
2026/04/07 08:38:24.924, 1, 925.18 W, 58, 1965 MHz, 100 %, 168719 MiB
2026/04/07 08:38:24.924, 2, 889.13 W, 53, 1965 MHz, 100 %, 168849 MiB
2026/04/07 08:38:24.925, 3, 900.59 W, 59, 1965 MHz, 100 %, 168849 MiB
2026/04/07 08:38:24.925, 4, 197.81 W, 33, 120 MHz, 0 %, 0 MiB
2026/04/07 08:38:24.925, 5, 195.13 W, 36, 120 MHz, 0 %, 0 MiB
2026/04/07 08:38:24.926, 6, 189.93 W, 33, 120 MHz, 0 %, 0 MiB
2026/04/07 08:38:24.926, 7, 195.25 W, 36, 120 MHz, 0 %, 0 MiB
2026/04/07 08:38:26.927, 0, 898.75 W, 53, 1965 MHz, 100 %, 168849 MiB
2026/04/07 08:38:26.927, 1, 920.20 W, 58, 1965 MHz, 100 %, 168719 MiB
2026/04/07 08:38:26.928, 2, 882.68 W, 53, 1965 MHz, 100 %, 168849 MiB
2026/04/07 08:38:26.928, 3, 902.11 W, 60, 1965 MHz, 100 %, 168849 MiB
2026/04/07 08:38:26.928, 4, 197.77 W, 33, 120 MHz, 0 %, 0 MiB
2026/04/07 08:38:26.929, 5, 195.17 W, 36, 120 MHz, 0 %, 0 MiB
2026/04/07 08:38:26.929, 6, 189.99 W, 33, 120 MHz, 0 %, 0 MiB
2026/04/07 08:38:26.929, 7, 195.21 W, 36, 120 MHz, 0 %, 0 MiB
2026/04/07 08:38:28.930, 0, 896.13 W, 53, 1965 MHz, 100 %, 168849 MiB
2026/04/07 08:38:28.930, 1, 913.26 W, 58, 1965 MHz, 100 %, 168719 MiB
2026/04/07 08:38:28.931, 2, 880.38 W, 53, 1965 MHz, 100 %, 168849 MiB
2026/04/07 08:38:28.931, 3, 898.27 W, 60, 1965 MHz, 100 %, 168849 MiB
2026/04/07 08:38:28.931, 4, 197.83 W, 33, 120 MHz, 0 %, 0 MiB
2026/04/07 08:38:28.932, 5, 195.09 W, 36, 120 MHz, 0 %, 0 MiB
2026/04/07 08:38:28.932, 6, 190.07 W, 33, 120 MHz, 0 %, 0 MiB
2026/04/07 08:38:28.932, 7, 195.24 W, 36, 120 MHz, 0 %, 0 MiB
2026/04/07 08:38:30.933, 0, 891.59 W, 53, 1965 MHz, 100 %, 168849 MiB
2026/04/07 08:38:30.933, 1, 924.03 W, 58, 1965 MHz, 100 %, 168719 MiB
2026/04/07 08:38:30.934, 2, 889.09 W, 53, 1965 MHz, 100 %, 168849 MiB
2026/04/07 08:38:30.934, 3, 893.47 W, 60, 1965 MHz, 100 %, 168849 MiB
2026/04/07 08:38:30.935, 4, 197.83 W, 33, 120 MHz, 0 %, 0 MiB
2026/04/07 08:38:30.935, 5, 195.17 W, 36, 120 MHz, 0 %, 0 MiB
2026/04/07 08:38:30.935, 6, 190.00 W, 33, 120 MHz, 0 %, 0 MiB
2026/04/07 08:38:30.936, 7, 195.23 W, 36, 120 MHz, 0 %, 0 MiB
2026/04/07 08:38:32.936, 0, 894.80 W, 53, 1965 MHz, 100 %, 168849 MiB
2026/04/07 08:38:32.937, 1, 923.05 W, 59, 1965 MHz, 100 %, 168719 MiB
2026/04/07 08:38:32.937, 2, 891.64 W, 53, 1965 MHz, 100 %, 168849 MiB
2026/04/07 08:38:32.937, 3, 901.03 W, 61, 1965 MHz, 100 %, 168849 MiB
2026/04/07 08:38:32.938, 4, 197.85 W, 33, 120 MHz, 0 %, 0 MiB
2026/04/07 08:38:32.938, 5, 195.13 W, 36, 120 MHz, 0 %, 0 MiB
2026/04/07 08:38:32.939, 6, 190.15 W, 33, 120 MHz, 0 %, 0 MiB
2026/04/07 08:38:32.939, 7, 195.29 W, 36, 120 MHz, 0 %, 0 MiB
2026/04/07 08:38:34.939, 0, 890.56 W, 55, 1965 MHz, 100 %, 168849 MiB
2026/04/07 08:38:34.940, 1, 923.38 W, 59, 1965 MHz, 100 %, 168719 MiB
2026/04/07 08:38:34.940, 2, 892.73 W, 55, 1965 MHz, 100 %, 168849 MiB
2026/04/07 08:38:34.941, 3, 897.37 W, 61, 1965 MHz, 100 %, 168849 MiB
2026/04/07 08:38:34.941, 4, 197.80 W, 33, 120 MHz, 0 %, 0 MiB
2026/04/07 08:38:34.941, 5, 195.25 W, 36, 120 MHz, 0 %, 0 MiB
2026/04/07 08:38:34.942, 6, 190.09 W, 33, 120 MHz, 0 %, 0 MiB
2026/04/07 08:38:34.942, 7, 195.19 W, 36, 120 MHz, 0 %, 0 MiB
2026/04/07 08:38:36.943, 0, 920.61 W, 56, 1965 MHz, 99 %, 168851 MiB
2026/04/07 08:38:36.943, 1, 938.86 W, 61, 1965 MHz, 100 %, 168721 MiB
2026/04/07 08:38:36.943, 2, 906.98 W, 55, 1965 MHz, 100 %, 168851 MiB
2026/04/07 08:38:36.944, 3, 916.74 W, 63, 1965 MHz, 100 %, 168851 MiB
2026/04/07 08:38:36.944, 4, 197.77 W, 33, 120 MHz, 0 %, 0 MiB
2026/04/07 08:38:36.945, 5, 195.18 W, 37, 120 MHz, 0 %, 0 MiB
2026/04/07 08:38:36.945, 6, 190.09 W, 33, 120 MHz, 0 %, 0 MiB
2026/04/07 08:38:36.945, 7, 195.32 W, 36, 120 MHz, 0 %, 0 MiB
2026/04/07 08:38:38.946, 0, 894.98 W, 53, 1965 MHz, 100 %, 168851 MiB
2026/04/07 08:38:38.946, 1, 920.79 W, 59, 1965 MHz, 100 %, 168721 MiB
2026/04/07 08:38:38.947, 2, 889.23 W, 55, 1965 MHz, 100 %, 168851 MiB
2026/04/07 08:38:38.947, 3, 905.59 W, 61, 1965 MHz, 100 %, 168851 MiB
2026/04/07 08:38:38.947, 4, 197.90 W, 33, 120 MHz, 0 %, 0 MiB
2026/04/07 08:38:38.948, 5, 195.27 W, 37, 120 MHz, 0 %, 0 MiB
2026/04/07 08:38:38.948, 6, 189.98 W, 33, 120 MHz, 0 %, 0 MiB
2026/04/07 08:38:38.948, 7, 195.28 W, 36, 120 MHz, 0 %, 0 MiB
2026/04/07 08:38:40.949, 0, 884.24 W, 54, 1965 MHz, 100 %, 168851 MiB
2026/04/07 08:38:40.949, 1, 913.71 W, 59, 1965 MHz, 100 %, 168721 MiB
2026/04/07 08:38:40.950, 2, 874.76 W, 54, 1965 MHz, 100 %, 168851 MiB
2026/04/07 08:38:40.950, 3, 894.49 W, 61, 1965 MHz, 100 %, 168851 MiB
2026/04/07 08:38:40.950, 4, 197.89 W, 33, 120 MHz, 0 %, 0 MiB
2026/04/07 08:38:40.951, 5, 195.26 W, 37, 120 MHz, 0 %, 0 MiB
2026/04/07 08:38:40.951, 6, 190.08 W, 33, 120 MHz, 0 %, 0 MiB
2026/04/07 08:38:40.951, 7, 195.23 W, 36, 120 MHz, 0 %, 0 MiB
2026/04/07 08:38:42.952, 0, 886.70 W, 54, 1965 MHz, 100 %, 168851 MiB
2026/04/07 08:38:42.952, 1, 909.84 W, 59, 1965 MHz, 100 %, 168721 MiB
2026/04/07 08:38:42.953, 2, 882.97 W, 54, 1965 MHz, 100 %, 168851 MiB
2026/04/07 08:38:42.953, 3, 900.48 W, 61, 1965 MHz, 100 %, 168851 MiB
2026/04/07 08:38:42.953, 4, 197.85 W, 33, 120 MHz, 0 %, 0 MiB
2026/04/07 08:38:42.954, 5, 195.18 W, 37, 120 MHz, 0 %, 0 MiB
2026/04/07 08:38:42.954, 6, 190.04 W, 33, 120 MHz, 0 %, 0 MiB
2026/04/07 08:38:42.954, 7, 195.33 W, 36, 120 MHz, 0 %, 0 MiB
2026/04/07 08:38:44.955, 0, 884.50 W, 54, 1965 MHz, 100 %, 168851 MiB
2026/04/07 08:38:44.955, 1, 912.05 W, 59, 1965 MHz, 100 %, 168721 MiB
2026/04/07 08:38:44.956, 2, 884.19 W, 54, 1965 MHz, 100 %, 168851 MiB
2026/04/07 08:38:44.956, 3, 892.81 W, 62, 1965 MHz, 100 %, 168851 MiB
2026/04/07 08:38:44.957, 4, 197.95 W, 33, 120 MHz, 0 %, 0 MiB
2026/04/07 08:38:44.957, 5, 195.31 W, 37, 120 MHz, 0 %, 0 MiB
2026/04/07 08:38:44.957, 6, 190.25 W, 33, 120 MHz, 0 %, 0 MiB
2026/04/07 08:38:44.957, 7, 195.22 W, 36, 120 MHz, 0 %, 0 MiB
2026/04/07 08:38:46.958, 0, 891.07 W, 54, 1965 MHz, 100 %, 168851 MiB
2026/04/07 08:38:46.958, 1, 915.63 W, 60, 1965 MHz, 100 %, 168721 MiB
2026/04/07 08:38:46.959, 2, 881.21 W, 54, 1965 MHz, 100 %, 168851 MiB
2026/04/07 08:38:46.959, 3, 898.28 W, 62, 1965 MHz, 100 %, 168851 MiB
2026/04/07 08:38:46.959, 4, 197.89 W, 33, 120 MHz, 0 %, 0 MiB
2026/04/07 08:38:46.960, 5, 195.36 W, 37, 120 MHz, 0 %, 0 MiB
2026/04/07 08:38:46.960, 6, 190.09 W, 33, 120 MHz, 0 %, 0 MiB
2026/04/07 08:38:46.960, 7, 195.26 W, 36, 120 MHz, 0 %, 0 MiB
2026/04/07 08:38:48.961, 0, 892.55 W, 54, 1965 MHz, 100 %, 168851 MiB
2026/04/07 08:38:48.961, 1, 910.95 W, 60, 1965 MHz, 100 %, 168721 MiB
2026/04/07 08:38:48.962, 2, 884.17 W, 54, 1965 MHz, 100 %, 168851 MiB
2026/04/07 08:38:48.962, 3, 900.05 W, 62, 1965 MHz, 100 %, 168851 MiB
2026/04/07 08:38:48.962, 4, 197.98 W, 33, 120 MHz, 0 %, 0 MiB
2026/04/07 08:38:48.963, 5, 195.30 W, 37, 120 MHz, 0 %, 0 MiB
2026/04/07 08:38:48.963, 6, 190.20 W, 33, 120 MHz, 0 %, 0 MiB
2026/04/07 08:38:48.963, 7, 195.23 W, 36, 120 MHz, 0 %, 0 MiB
2026/04/07 08:38:50.964, 0, 879.74 W, 54, 1965 MHz, 100 %, 168851 MiB
2026/04/07 08:38:50.964, 1, 910.56 W, 60, 1965 MHz, 100 %, 168721 MiB
2026/04/07 08:38:50.965, 2, 880.17 W, 54, 1965 MHz, 100 %, 168851 MiB
2026/04/07 08:38:50.965, 3, 909.92 W, 62, 1965 MHz, 100 %, 168851 MiB
2026/04/07 08:38:50.966, 4, 197.91 W, 33, 120 MHz, 0 %, 0 MiB
2026/04/07 08:38:50.966, 5, 195.24 W, 37, 120 MHz, 0 %, 0 MiB
2026/04/07 08:38:50.966, 6, 190.10 W, 33, 120 MHz, 0 %, 0 MiB
2026/04/07 08:38:50.966, 7, 195.24 W, 36, 120 MHz, 0 %, 0 MiB
2026/04/07 08:38:52.967, 0, 901.50 W, 54, 1965 MHz, 100 %, 168851 MiB
2026/04/07 08:38:52.968, 1, 918.20 W, 60, 1965 MHz, 100 %, 168721 MiB
2026/04/07 08:38:52.969, 2, 895.02 W, 54, 1965 MHz, 100 %, 168851 MiB
2026/04/07 08:38:52.970, 3, 902.55 W, 62, 1965 MHz, 100 %, 168851 MiB
2026/04/07 08:38:52.970, 4, 197.88 W, 33, 120 MHz, 0 %, 0 MiB
2026/04/07 08:38:52.971, 5, 195.21 W, 37, 120 MHz, 0 %, 0 MiB
2026/04/07 08:38:52.971, 6, 190.10 W, 33, 120 MHz, 0 %, 0 MiB
2026/04/07 08:38:52.971, 7, 195.34 W, 36, 120 MHz, 0 %, 0 MiB
2026/04/07 08:38:54.972, 0, 900.32 W, 54, 1965 MHz, 100 %, 168851 MiB
2026/04/07 08:38:54.972, 1, 924.26 W, 60, 1965 MHz, 100 %, 168721 MiB
2026/04/07 08:38:54.973, 2, 898.93 W, 54, 1965 MHz, 100 %, 168851 MiB
2026/04/07 08:38:54.973, 3, 907.65 W, 62, 1965 MHz, 100 %, 168851 MiB
2026/04/07 08:38:54.973, 4, 197.87 W, 33, 120 MHz, 0 %, 0 MiB
2026/04/07 08:38:54.974, 5, 195.29 W, 37, 120 MHz, 0 %, 0 MiB
2026/04/07 08:38:54.974, 6, 190.07 W, 33, 120 MHz, 0 %, 0 MiB
2026/04/07 08:38:54.974, 7, 195.35 W, 36, 120 MHz, 0 %, 0 MiB
2026/04/07 08:38:56.975, 0, 902.96 W, 54, 1965 MHz, 100 %, 168851 MiB
2026/04/07 08:38:56.975, 1, 930.29 W, 60, 1965 MHz, 100 %, 168721 MiB
2026/04/07 08:38:56.976, 2, 889.58 W, 54, 1965 MHz, 100 %, 168851 MiB
2026/04/07 08:38:56.976, 3, 912.41 W, 63, 1965 MHz, 100 %, 168851 MiB
2026/04/07 08:38:56.976, 4, 197.90 W, 33, 120 MHz, 0 %, 0 MiB
2026/04/07 08:38:56.977, 5, 195.24 W, 37, 120 MHz, 0 %, 0 MiB
2026/04/07 08:38:56.977, 6, 190.13 W, 33, 120 MHz, 0 %, 0 MiB
2026/04/07 08:38:56.977, 7, 195.35 W, 36, 120 MHz, 0 %, 0 MiB
2026/04/07 08:38:58.978, 0, 895.09 W, 55, 1965 MHz, 100 %, 168851 MiB
2026/04/07 08:38:58.978, 1, 924.82 W, 61, 1965 MHz, 100 %, 168721 MiB
2026/04/07 08:38:58.979, 2, 886.31 W, 54, 1965 MHz, 100 %, 168851 MiB
2026/04/07 08:38:58.979, 3, 901.87 W, 63, 1965 MHz, 100 %, 168851 MiB
2026/04/07 08:38:58.979, 4, 197.93 W, 33, 120 MHz, 0 %, 0 MiB
2026/04/07 08:38:58.980, 5, 195.31 W, 37, 120 MHz, 0 %, 0 MiB
2026/04/07 08:38:58.980, 6, 190.13 W, 33, 120 MHz, 0 %, 0 MiB
2026/04/07 08:38:58.980, 7, 195.36 W, 36, 120 MHz, 0 %, 0 MiB
2026/04/07 08:39:00.981, 0, 897.31 W, 54, 1965 MHz, 100 %, 168851 MiB
2026/04/07 08:39:00.981, 1, 923.40 W, 61, 1965 MHz, 100 %, 168721 MiB
2026/04/07 08:39:00.982, 2, 894.27 W, 54, 1965 MHz, 100 %, 168851 MiB
2026/04/07 08:39:00.982, 3, 906.99 W, 63, 1965 MHz, 100 %, 168851 MiB
2026/04/07 08:39:00.982, 4, 197.96 W, 33, 120 MHz, 0 %, 0 MiB
2026/04/07 08:39:00.983, 5, 195.22 W, 37, 120 MHz, 0 %, 0 MiB
2026/04/07 08:39:00.983, 6, 190.12 W, 33, 120 MHz, 0 %, 0 MiB
2026/04/07 08:39:00.983, 7, 195.25 W, 36, 120 MHz, 0 %, 0 MiB
2026/04/07 08:39:02.984, 0, 901.26 W, 54, 1965 MHz, 100 %, 168851 MiB
2026/04/07 08:39:02.984, 1, 919.98 W, 61, 1965 MHz, 100 %, 168721 MiB
2026/04/07 08:39:02.985, 2, 889.95 W, 54, 1965 MHz, 100 %, 168851 MiB
2026/04/07 08:39:02.985, 3, 903.36 W, 63, 1965 MHz, 100 %, 168851 MiB
2026/04/07 08:39:02.985, 4, 197.93 W, 33, 120 MHz, 0 %, 0 MiB
2026/04/07 08:39:02.986, 5, 195.25 W, 37, 120 MHz, 0 %, 0 MiB
2026/04/07 08:39:02.986, 6, 190.20 W, 33, 120 MHz, 0 %, 0 MiB
2026/04/07 08:39:02.986, 7, 195.31 W, 36, 120 MHz, 0 %, 0 MiB
2026/04/07 08:39:04.987, 0, 899.05 W, 54, 1965 MHz, 100 %, 168851 MiB
2026/04/07 08:39:04.987, 1, 923.00 W, 61, 1965 MHz, 100 %, 168721 MiB
2026/04/07 08:39:04.988, 2, 891.49 W, 54, 1965 MHz, 100 %, 168851 MiB
2026/04/07 08:39:04.988, 3, 902.71 W, 63, 1965 MHz, 100 %, 168851 MiB
2026/04/07 08:39:04.989, 4, 198.05 W, 33, 120 MHz, 0 %, 0 MiB
2026/04/07 08:39:04.989, 5, 195.29 W, 37, 120 MHz, 0 %, 0 MiB
2026/04/07 08:39:04.989, 6, 190.22 W, 33, 120 MHz, 0 %, 0 MiB
2026/04/07 08:39:04.990, 7, 195.31 W, 36, 120 MHz, 0 %, 0 MiB
2026/04/07 08:39:06.990, 0, 891.56 W, 55, 1965 MHz, 100 %, 168851 MiB
2026/04/07 08:39:06.990, 1, 928.06 W, 61, 1965 MHz, 100 %, 168721 MiB
2026/04/07 08:39:06.991, 2, 886.65 W, 54, 1965 MHz, 100 %, 168851 MiB
2026/04/07 08:39:06.991, 3, 896.72 W, 63, 1965 MHz, 100 %, 168851 MiB
2026/04/07 08:39:06.992, 4, 198.10 W, 33, 120 MHz, 0 %, 0 MiB
2026/04/07 08:39:06.992, 5, 195.29 W, 37, 120 MHz, 0 %, 0 MiB
2026/04/07 08:39:06.992, 6, 190.21 W, 33, 120 MHz, 0 %, 0 MiB
2026/04/07 08:39:06.992, 7, 195.31 W, 36, 120 MHz, 0 %, 0 MiB
2026/04/07 08:39:08.993, 0, 900.98 W, 55, 1965 MHz, 100 %, 168851 MiB
2026/04/07 08:39:08.994, 1, 925.61 W, 61, 1965 MHz, 100 %, 168721 MiB
2026/04/07 08:39:08.994, 2, 886.89 W, 54, 1965 MHz, 100 %, 168851 MiB
2026/04/07 08:39:08.994, 3, 906.78 W, 63, 1965 MHz, 100 %, 168851 MiB
2026/04/07 08:39:08.995, 4, 197.93 W, 33, 120 MHz, 0 %, 0 MiB
2026/04/07 08:39:08.995, 5, 195.42 W, 37, 120 MHz, 0 %, 0 MiB
2026/04/07 08:39:08.995, 6, 190.22 W, 33, 120 MHz, 0 %, 0 MiB
2026/04/07 08:39:08.996, 7, 195.35 W, 36, 120 MHz, 0 %, 0 MiB
2026/04/07 08:39:10.996, 0, 908.76 W, 55, 1965 MHz, 100 %, 168851 MiB
2026/04/07 08:39:10.997, 1, 931.52 W, 61, 1965 MHz, 98 %, 168721 MiB
2026/04/07 08:39:10.997, 2, 901.82 W, 55, 1965 MHz, 100 %, 168851 MiB
2026/04/07 08:39:10.998, 3, 914.53 W, 64, 1965 MHz, 99 %, 168851 MiB
2026/04/07 08:39:10.999, 4, 197.97 W, 33, 120 MHz, 0 %, 0 MiB
2026/04/07 08:39:10.999, 5, 195.30 W, 37, 120 MHz, 0 %, 0 MiB
2026/04/07 08:39:10.999, 6, 190.14 W, 33, 120 MHz, 0 %, 0 MiB
2026/04/07 08:39:11.000, 7, 195.34 W, 36, 120 MHz, 0 %, 0 MiB
2026/04/07 08:39:13.000, 0, 907.23 W, 55, 1965 MHz, 96 %, 168851 MiB
2026/04/07 08:39:13.001, 1, 931.49 W, 61, 1965 MHz, 91 %, 168721 MiB
2026/04/07 08:39:13.001, 2, 897.65 W, 55, 1965 MHz, 98 %, 168851 MiB
2026/04/07 08:39:13.001, 3, 917.78 W, 64, 1965 MHz, 98 %, 168851 MiB
2026/04/07 08:39:13.002, 4, 198.00 W, 33, 120 MHz, 0 %, 0 MiB
2026/04/07 08:39:13.002, 5, 195.21 W, 37, 120 MHz, 0 %, 0 MiB
2026/04/07 08:39:13.002, 6, 190.11 W, 33, 120 MHz, 0 %, 0 MiB
2026/04/07 08:39:13.003, 7, 195.36 W, 36, 120 MHz, 0 %, 0 MiB
2026/04/07 08:39:15.003, 0, 911.99 W, 55, 1965 MHz, 99 %, 168851 MiB
2026/04/07 08:39:15.004, 1, 934.39 W, 62, 1965 MHz, 99 %, 168721 MiB
2026/04/07 08:39:15.004, 2, 903.02 W, 55, 1965 MHz, 99 %, 168851 MiB
2026/04/07 08:39:15.004, 3, 923.03 W, 64, 1965 MHz, 99 %, 168851 MiB
2026/04/07 08:39:15.005, 4, 198.02 W, 33, 120 MHz, 0 %, 0 MiB
2026/04/07 08:39:15.005, 5, 195.29 W, 37, 120 MHz, 0 %, 0 MiB
2026/04/07 08:39:15.005, 6, 190.16 W, 33, 120 MHz, 0 %, 0 MiB
2026/04/07 08:39:15.006, 7, 195.35 W, 36, 120 MHz, 0 %, 0 MiB
2026/04/07 08:39:17.006, 0, 899.12 W, 55, 1965 MHz, 100 %, 168851 MiB
2026/04/07 08:39:17.007, 1, 918.44 W, 61, 1965 MHz, 100 %, 168721 MiB
2026/04/07 08:39:17.007, 2, 885.57 W, 54, 1965 MHz, 100 %, 168851 MiB
2026/04/07 08:39:17.007, 3, 911.62 W, 63, 1965 MHz, 100 %, 168851 MiB
2026/04/07 08:39:17.008, 4, 197.90 W, 33, 120 MHz, 0 %, 0 MiB
2026/04/07 08:39:17.008, 5, 195.26 W, 37, 120 MHz, 0 %, 0 MiB
2026/04/07 08:39:17.008, 6, 190.10 W, 33, 120 MHz, 0 %, 0 MiB
2026/04/07 08:39:17.009, 7, 195.37 W, 36, 120 MHz, 0 %, 0 MiB
2026/04/07 08:39:19.009, 0, 898.54 W, 55, 1965 MHz, 100 %, 168851 MiB
2026/04/07 08:39:19.010, 1, 923.58 W, 61, 1965 MHz, 100 %, 168721 MiB
2026/04/07 08:39:19.010, 2, 884.56 W, 54, 1965 MHz, 100 %, 168851 MiB
2026/04/07 08:39:19.010, 3, 916.50 W, 63, 1965 MHz, 100 %, 168851 MiB
2026/04/07 08:39:19.011, 4, 197.93 W, 33, 120 MHz, 0 %, 0 MiB
2026/04/07 08:39:19.011, 5, 195.29 W, 37, 120 MHz, 0 %, 0 MiB
2026/04/07 08:39:19.011, 6, 190.10 W, 33, 120 MHz, 0 %, 0 MiB
2026/04/07 08:39:19.012, 7, 195.34 W, 36, 120 MHz, 0 %, 0 MiB
2026/04/07 08:39:21.012, 0, 894.68 W, 55, 1965 MHz, 100 %, 168851 MiB
2026/04/07 08:39:21.013, 1, 921.52 W, 61, 1965 MHz, 100 %, 168721 MiB
2026/04/07 08:39:21.013, 2, 880.35 W, 54, 1965 MHz, 100 %, 168851 MiB
2026/04/07 08:39:21.013, 3, 909.88 W, 63, 1965 MHz, 100 %, 168851 MiB
2026/04/07 08:39:21.014, 4, 198.01 W, 33, 120 MHz, 0 %, 0 MiB
2026/04/07 08:39:21.014, 5, 195.21 W, 37, 120 MHz, 0 %, 0 MiB
2026/04/07 08:39:21.014, 6, 190.21 W, 33, 120 MHz, 0 %, 0 MiB
2026/04/07 08:39:21.015, 7, 195.32 W, 36, 120 MHz, 0 %, 0 MiB
2026/04/07 08:39:23.015, 0, 890.51 W, 55, 1965 MHz, 100 %, 168851 MiB
2026/04/07 08:39:23.016, 1, 921.72 W, 61, 1965 MHz, 100 %, 168721 MiB
2026/04/07 08:39:23.016, 2, 876.52 W, 54, 1965 MHz, 100 %, 168851 MiB
2026/04/07 08:39:23.016, 3, 908.69 W, 63, 1965 MHz, 100 %, 168851 MiB
2026/04/07 08:39:23.017, 4, 197.96 W, 33, 120 MHz, 0 %, 0 MiB
2026/04/07 08:39:23.017, 5, 195.24 W, 37, 120 MHz, 0 %, 0 MiB
2026/04/07 08:39:23.017, 6, 190.10 W, 33, 120 MHz, 0 %, 0 MiB
2026/04/07 08:39:23.018, 7, 195.38 W, 36, 120 MHz, 0 %, 0 MiB
2026/04/07 08:39:25.018, 0, 892.29 W, 55, 1965 MHz, 100 %, 168851 MiB
2026/04/07 08:39:25.019, 1, 921.59 W, 61, 1965 MHz, 100 %, 168721 MiB
2026/04/07 08:39:25.019, 2, 875.88 W, 54, 1965 MHz, 100 %, 168851 MiB
2026/04/07 08:39:25.019, 3, 905.39 W, 63, 1965 MHz, 100 %, 168851 MiB
2026/04/07 08:39:25.020, 4, 197.86 W, 33, 120 MHz, 0 %, 0 MiB
2026/04/07 08:39:25.020, 5, 195.43 W, 37, 120 MHz, 0 %, 0 MiB
2026/04/07 08:39:25.020, 6, 190.09 W, 33, 120 MHz, 0 %, 0 MiB
2026/04/07 08:39:25.021, 7, 195.31 W, 36, 120 MHz, 0 %, 0 MiB
2026/04/07 08:39:27.021, 0, 886.67 W, 54, 1965 MHz, 97 %, 168851 MiB
2026/04/07 08:39:27.022, 1, 908.72 W, 61, 1965 MHz, 88 %, 168721 MiB
2026/04/07 08:39:27.022, 2, 868.78 W, 54, 1965 MHz, 77 %, 168851 MiB
2026/04/07 08:39:27.022, 3, 895.53 W, 63, 1965 MHz, 99 %, 168851 MiB
2026/04/07 08:39:27.023, 4, 197.93 W, 33, 120 MHz, 0 %, 0 MiB
2026/04/07 08:39:27.023, 5, 195.34 W, 37, 120 MHz, 0 %, 0 MiB
2026/04/07 08:39:27.023, 6, 190.13 W, 33, 120 MHz, 0 %, 0 MiB
2026/04/07 08:39:27.024, 7, 195.37 W, 36, 120 MHz, 0 %, 0 MiB
2026/04/07 08:39:29.024, 0, 878.57 W, 55, 1965 MHz, 100 %, 168851 MiB
2026/04/07 08:39:29.024, 1, 900.34 W, 61, 1965 MHz, 100 %, 168721 MiB
2026/04/07 08:39:29.025, 2, 869.35 W, 54, 1965 MHz, 100 %, 168851 MiB
2026/04/07 08:39:29.025, 3, 897.17 W, 63, 1965 MHz, 100 %, 168851 MiB
2026/04/07 08:39:29.026, 4, 197.91 W, 33, 120 MHz, 0 %, 0 MiB
2026/04/07 08:39:29.026, 5, 195.21 W, 37, 120 MHz, 0 %, 0 MiB
2026/04/07 08:39:29.026, 6, 190.09 W, 33, 120 MHz, 0 %, 0 MiB
2026/04/07 08:39:29.027, 7, 195.35 W, 36, 120 MHz, 0 %, 0 MiB
2026/04/07 08:39:31.027, 0, 896.03 W, 55, 1965 MHz, 100 %, 168851 MiB
2026/04/07 08:39:31.028, 1, 921.52 W, 61, 1965 MHz, 100 %, 168721 MiB
2026/04/07 08:39:31.028, 2, 882.23 W, 54, 1965 MHz, 100 %, 168851 MiB
2026/04/07 08:39:31.028, 3, 910.72 W, 63, 1965 MHz, 100 %, 168851 MiB
2026/04/07 08:39:31.029, 4, 197.93 W, 33, 120 MHz, 0 %, 0 MiB
2026/04/07 08:39:31.029, 5, 195.26 W, 37, 120 MHz, 0 %, 0 MiB
2026/04/07 08:39:31.029, 6, 190.10 W, 33, 120 MHz, 0 %, 0 MiB
2026/04/07 08:39:31.030, 7, 195.32 W, 36, 120 MHz, 0 %, 0 MiB
2026/04/07 08:39:33.030, 0, 893.26 W, 55, 1965 MHz, 100 %, 168851 MiB
2026/04/07 08:39:33.031, 1, 915.58 W, 61, 1965 MHz, 100 %, 168721 MiB
2026/04/07 08:39:33.031, 2, 879.60 W, 54, 1965 MHz, 100 %, 168851 MiB
2026/04/07 08:39:33.032, 3, 905.82 W, 66, 1965 MHz, 100 %, 168851 MiB
2026/04/07 08:39:33.032, 4, 197.92 W, 33, 120 MHz, 0 %, 0 MiB
2026/04/07 08:39:33.032, 5, 195.24 W, 37, 120 MHz, 0 %, 0 MiB
2026/04/07 08:39:33.033, 6, 190.04 W, 33, 120 MHz, 0 %, 0 MiB
2026/04/07 08:39:33.033, 7, 195.29 W, 36, 120 MHz, 0 %, 0 MiB
2026/04/07 08:39:35.033, 0, 850.56 W, 54, 1965 MHz, 100 %, 168851 MiB
2026/04/07 08:39:35.034, 1, 868.20 W, 60, 1965 MHz, 100 %, 168721 MiB
2026/04/07 08:39:35.034, 2, 829.42 W, 53, 1965 MHz, 100 %, 168851 MiB
2026/04/07 08:39:35.035, 3, 838.69 W, 62, 1965 MHz, 97 %, 168851 MiB
2026/04/07 08:39:35.035, 4, 197.88 W, 33, 120 MHz, 0 %, 0 MiB
2026/04/07 08:39:35.035, 5, 195.21 W, 37, 120 MHz, 0 %, 0 MiB
2026/04/07 08:39:35.036, 6, 190.02 W, 33, 120 MHz, 0 %, 0 MiB
2026/04/07 08:39:35.036, 7, 195.33 W, 36, 120 MHz, 0 %, 0 MiB
2026/04/07 08:39:37.037, 0, 875.50 W, 54, 1965 MHz, 98 %, 168851 MiB
2026/04/07 08:39:37.037, 1, 891.81 W, 61, 1965 MHz, 63 %, 168721 MiB
2026/04/07 08:39:37.038, 2, 857.74 W, 54, 1965 MHz, 93 %, 168851 MiB
2026/04/07 08:39:37.038, 3, 882.50 W, 63, 1965 MHz, 100 %, 168851 MiB
2026/04/07 08:39:37.038, 4, 197.93 W, 33, 120 MHz, 0 %, 0 MiB
2026/04/07 08:39:37.039, 5, 195.27 W, 37, 120 MHz, 0 %, 0 MiB
2026/04/07 08:39:37.039, 6, 190.03 W, 33, 120 MHz, 0 %, 0 MiB
2026/04/07 08:39:37.039, 7, 195.21 W, 36, 120 MHz, 0 %, 0 MiB
2026/04/07 08:39:39.040, 0, 890.35 W, 54, 1965 MHz, 100 %, 168851 MiB
2026/04/07 08:39:39.040, 1, 912.60 W, 61, 1965 MHz, 100 %, 168721 MiB
2026/04/07 08:39:39.041, 2, 887.48 W, 54, 1965 MHz, 100 %, 168851 MiB
2026/04/07 08:39:39.041, 3, 900.65 W, 63, 1965 MHz, 100 %, 168851 MiB
2026/04/07 08:39:39.041, 4, 197.87 W, 33, 120 MHz, 0 %, 0 MiB
2026/04/07 08:39:39.042, 5, 195.16 W, 37, 120 MHz, 0 %, 0 MiB
2026/04/07 08:39:39.042, 6, 190.04 W, 33, 120 MHz, 0 %, 0 MiB
2026/04/07 08:39:39.042, 7, 195.30 W, 36, 120 MHz, 0 %, 0 MiB
2026/04/07 08:39:41.043, 0, 892.23 W, 55, 1965 MHz, 100 %, 168851 MiB
2026/04/07 08:39:41.043, 1, 922.64 W, 61, 1965 MHz, 100 %, 168721 MiB
2026/04/07 08:39:41.044, 2, 877.93 W, 54, 1965 MHz, 100 %, 168851 MiB
2026/04/07 08:39:41.044, 3, 905.42 W, 63, 1965 MHz, 100 %, 168851 MiB
2026/04/07 08:39:41.044, 4, 197.90 W, 33, 120 MHz, 0 %, 0 MiB
2026/04/07 08:39:41.045, 5, 195.36 W, 37, 120 MHz, 0 %, 0 MiB
2026/04/07 08:39:41.045, 6, 189.99 W, 33, 120 MHz, 0 %, 0 MiB
2026/04/07 08:39:41.045, 7, 195.32 W, 36, 120 MHz, 0 %, 0 MiB
2026/04/07 08:39:43.046, 0, 860.87 W, 54, 1965 MHz, 100 %, 168851 MiB
2026/04/07 08:39:43.046, 1, 896.91 W, 61, 1965 MHz, 100 %, 168721 MiB
2026/04/07 08:39:43.047, 2, 854.74 W, 54, 1965 MHz, 100 %, 168851 MiB
2026/04/07 08:39:43.047, 3, 882.29 W, 63, 1965 MHz, 100 %, 168851 MiB
2026/04/07 08:39:43.047, 4, 197.89 W, 33, 120 MHz, 0 %, 0 MiB
2026/04/07 08:39:43.048, 5, 195.28 W, 37, 120 MHz, 0 %, 0 MiB
2026/04/07 08:39:43.048, 6, 190.12 W, 33, 120 MHz, 0 %, 0 MiB
2026/04/07 08:39:43.048, 7, 195.23 W, 36, 120 MHz, 0 %, 0 MiB
2026/04/07 08:39:45.049, 0, 888.66 W, 55, 1965 MHz, 100 %, 168851 MiB
2026/04/07 08:39:45.049, 1, 919.46 W, 61, 1965 MHz, 100 %, 168721 MiB
2026/04/07 08:39:45.050, 2, 875.54 W, 54, 1965 MHz, 100 %, 168851 MiB
2026/04/07 08:39:45.050, 3, 893.14 W, 63, 1965 MHz, 100 %, 168851 MiB
2026/04/07 08:39:45.051, 4, 197.90 W, 33, 120 MHz, 0 %, 0 MiB
2026/04/07 08:39:45.051, 5, 195.23 W, 37, 120 MHz, 0 %, 0 MiB
2026/04/07 08:39:45.051, 6, 190.07 W, 33, 120 MHz, 0 %, 0 MiB
2026/04/07 08:39:45.052, 7, 195.27 W, 36, 120 MHz, 0 %, 0 MiB
2026/04/07 08:39:47.052, 0, 901.87 W, 55, 1965 MHz, 100 %, 168851 MiB
2026/04/07 08:39:47.052, 1, 933.36 W, 61, 1965 MHz, 100 %, 168721 MiB
2026/04/07 08:39:47.053, 2, 894.23 W, 54, 1965 MHz, 100 %, 168851 MiB
2026/04/07 08:39:47.053, 3, 912.52 W, 63, 1965 MHz, 100 %, 168851 MiB
2026/04/07 08:39:47.054, 4, 197.85 W, 33, 120 MHz, 0 %, 0 MiB
2026/04/07 08:39:47.054, 5, 195.29 W, 37, 120 MHz, 0 %, 0 MiB
2026/04/07 08:39:47.054, 6, 189.98 W, 33, 120 MHz, 0 %, 0 MiB
2026/04/07 08:39:47.054, 7, 195.28 W, 36, 120 MHz, 0 %, 0 MiB
2026/04/07 08:39:49.055, 0, 909.88 W, 55, 1965 MHz, 100 %, 168851 MiB
2026/04/07 08:39:49.055, 1, 930.71 W, 61, 1965 MHz, 100 %, 168721 MiB
2026/04/07 08:39:49.056, 2, 897.88 W, 54, 1965 MHz, 100 %, 168851 MiB
2026/04/07 08:39:49.056, 3, 914.66 W, 63, 1965 MHz, 100 %, 168851 MiB
2026/04/07 08:39:49.057, 4, 197.89 W, 33, 120 MHz, 0 %, 0 MiB
2026/04/07 08:39:49.057, 5, 195.22 W, 37, 120 MHz, 0 %, 0 MiB
2026/04/07 08:39:49.057, 6, 190.05 W, 33, 120 MHz, 0 %, 0 MiB
2026/04/07 08:39:49.058, 7, 195.24 W, 36, 120 MHz, 0 %, 0 MiB
2026/04/07 08:39:51.058, 0, 902.09 W, 55, 1965 MHz, 100 %, 168851 MiB
2026/04/07 08:39:51.058, 1, 928.53 W, 63, 1965 MHz, 99 %, 168721 MiB
2026/04/07 08:39:51.059, 2, 893.06 W, 54, 1965 MHz, 100 %, 168851 MiB
2026/04/07 08:39:51.059, 3, 919.29 W, 66, 1965 MHz, 100 %, 168851 MiB
2026/04/07 08:39:51.060, 4, 197.90 W, 33, 120 MHz, 0 %, 0 MiB
2026/04/07 08:39:51.060, 5, 195.22 W, 37, 120 MHz, 0 %, 0 MiB
2026/04/07 08:39:51.060, 6, 189.96 W, 33, 120 MHz, 0 %, 0 MiB
2026/04/07 08:39:51.061, 7, 195.33 W, 36, 120 MHz, 0 %, 0 MiB
2026/04/07 08:39:53.061, 0, 852.61 W, 55, 1965 MHz, 100 %, 168851 MiB
2026/04/07 08:39:53.061, 1, 869.58 W, 61, 1965 MHz, 100 %, 168721 MiB
2026/04/07 08:39:53.062, 2, 837.55 W, 53, 1965 MHz, 100 %, 168851 MiB
2026/04/07 08:39:53.062, 3, 854.56 W, 63, 1965 MHz, 98 %, 168851 MiB
2026/04/07 08:39:53.063, 4, 197.97 W, 33, 120 MHz, 0 %, 0 MiB
2026/04/07 08:39:53.063, 5, 195.25 W, 37, 120 MHz, 0 %, 0 MiB
2026/04/07 08:39:53.063, 6, 190.00 W, 33, 120 MHz, 0 %, 0 MiB
2026/04/07 08:39:53.064, 7, 195.27 W, 36, 120 MHz, 0 %, 0 MiB
2026/04/07 08:39:55.064, 0, 880.50 W, 54, 1965 MHz, 100 %, 168851 MiB
2026/04/07 08:39:55.065, 1, 911.66 W, 61, 1965 MHz, 100 %, 168721 MiB
2026/04/07 08:39:55.065, 2, 869.76 W, 54, 1965 MHz, 100 %, 168851 MiB
2026/04/07 08:39:55.065, 3, 895.18 W, 63, 1965 MHz, 100 %, 168851 MiB
2026/04/07 08:39:55.066, 4, 197.92 W, 33, 120 MHz, 0 %, 0 MiB
2026/04/07 08:39:55.066, 5, 195.23 W, 37, 120 MHz, 0 %, 0 MiB
2026/04/07 08:39:55.066, 6, 190.00 W, 33, 120 MHz, 0 %, 0 MiB
2026/04/07 08:39:55.067, 7, 195.30 W, 36, 120 MHz, 0 %, 0 MiB
2026/04/07 08:39:57.067, 0, 892.68 W, 54, 1965 MHz, 100 %, 168851 MiB
2026/04/07 08:39:57.068, 1, 922.63 W, 61, 1965 MHz, 100 %, 168721 MiB
2026/04/07 08:39:57.068, 2, 878.45 W, 54, 1965 MHz, 100 %, 168851 MiB
2026/04/07 08:39:57.068, 3, 908.69 W, 63, 1965 MHz, 100 %, 168851 MiB
2026/04/07 08:39:57.069, 4, 197.89 W, 33, 120 MHz, 0 %, 0 MiB
2026/04/07 08:39:57.069, 5, 195.24 W, 37, 120 MHz, 0 %, 0 MiB
2026/04/07 08:39:57.069, 6, 190.07 W, 33, 120 MHz, 0 %, 0 MiB
2026/04/07 08:39:57.070, 7, 195.32 W, 36, 120 MHz, 0 %, 0 MiB
2026/04/07 08:39:59.070, 0, 884.98 W, 54, 1965 MHz, 100 %, 168851 MiB
2026/04/07 08:39:59.071, 1, 920.98 W, 61, 1965 MHz, 100 %, 168721 MiB
2026/04/07 08:39:59.071, 2, 875.84 W, 54, 1965 MHz, 100 %, 168851 MiB
2026/04/07 08:39:59.071, 3, 909.17 W, 63, 1965 MHz, 100 %, 168851 MiB
2026/04/07 08:39:59.072, 4, 197.85 W, 33, 120 MHz, 0 %, 0 MiB
2026/04/07 08:39:59.072, 5, 195.30 W, 37, 120 MHz, 0 %, 0 MiB
2026/04/07 08:39:59.072, 6, 190.06 W, 33, 120 MHz, 0 %, 0 MiB
2026/04/07 08:39:59.073, 7, 195.23 W, 36, 120 MHz, 0 %, 0 MiB
2026/04/07 08:40:01.073, 0, 862.51 W, 54, 1965 MHz, 100 %, 168851 MiB
2026/04/07 08:40:01.074, 1, 872.77 W, 60, 1965 MHz, 66 %, 168721 MiB
2026/04/07 08:40:01.074, 2, 853.32 W, 54, 1965 MHz, 100 %, 168851 MiB
2026/04/07 08:40:01.074, 3, 857.17 W, 62, 1965 MHz, 100 %, 168851 MiB
2026/04/07 08:40:01.075, 4, 197.96 W, 33, 120 MHz, 0 %, 0 MiB
2026/04/07 08:40:01.075, 5, 195.29 W, 37, 120 MHz, 0 %, 0 MiB
2026/04/07 08:40:01.075, 6, 190.19 W, 33, 120 MHz, 0 %, 0 MiB
2026/04/07 08:40:01.076, 7, 195.34 W, 36, 120 MHz, 0 %, 0 MiB
2026/04/07 08:40:03.076, 0, 879.39 W, 54, 1965 MHz, 99 %, 168851 MiB
2026/04/07 08:40:03.077, 1, 908.95 W, 61, 1965 MHz, 100 %, 168721 MiB
2026/04/07 08:40:03.077, 2, 879.91 W, 54, 1965 MHz, 100 %, 168851 MiB
2026/04/07 08:40:03.078, 3, 902.76 W, 63, 1965 MHz, 100 %, 168851 MiB
2026/04/07 08:40:03.078, 4, 197.87 W, 33, 120 MHz, 0 %, 0 MiB
2026/04/07 08:40:03.078, 5, 195.19 W, 37, 120 MHz, 0 %, 0 MiB
2026/04/07 08:40:03.079, 6, 190.03 W, 33, 120 MHz, 0 %, 0 MiB
2026/04/07 08:40:03.079, 7, 195.30 W, 36, 120 MHz, 0 %, 0 MiB
2026/04/07 08:40:05.079, 0, 909.80 W, 54, 1965 MHz, 100 %, 168851 MiB
2026/04/07 08:40:05.080, 1, 924.44 W, 61, 1965 MHz, 100 %, 168721 MiB
2026/04/07 08:40:05.080, 2, 887.01 W, 54, 1965 MHz, 100 %, 168851 MiB
2026/04/07 08:40:05.081, 3, 913.31 W, 63, 1965 MHz, 100 %, 168851 MiB
2026/04/07 08:40:05.081, 4, 197.89 W, 33, 120 MHz, 0 %, 0 MiB
2026/04/07 08:40:05.081, 5, 195.23 W, 37, 120 MHz, 0 %, 0 MiB
2026/04/07 08:40:05.082, 6, 189.99 W, 33, 120 MHz, 0 %, 0 MiB
2026/04/07 08:40:05.082, 7, 195.34 W, 36, 120 MHz, 0 %, 0 MiB
2026/04/07 08:40:07.082, 0, 840.96 W, 54, 1965 MHz, 100 %, 168851 MiB
2026/04/07 08:40:07.083, 1, 868.49 W, 61, 1965 MHz, 100 %, 168721 MiB
2026/04/07 08:40:07.083, 2, 832.44 W, 54, 1965 MHz, 100 %, 168851 MiB
2026/04/07 08:40:07.084, 3, 852.19 W, 63, 1965 MHz, 100 %, 168851 MiB
2026/04/07 08:40:07.084, 4, 197.88 W, 33, 120 MHz, 0 %, 0 MiB
2026/04/07 08:40:07.084, 5, 195.26 W, 37, 120 MHz, 0 %, 0 MiB
2026/04/07 08:40:07.085, 6, 190.10 W, 33, 120 MHz, 0 %, 0 MiB
2026/04/07 08:40:07.085, 7, 195.26 W, 36, 120 MHz, 0 %, 0 MiB
2026/04/07 08:40:09.085, 0, 905.26 W, 56, 1965 MHz, 100 %, 168851 MiB
2026/04/07 08:40:09.086, 1, 928.29 W, 61, 1965 MHz, 100 %, 168721 MiB
2026/04/07 08:40:09.086, 2, 891.21 W, 54, 1965 MHz, 100 %, 168851 MiB
2026/04/07 08:40:09.087, 3, 916.46 W, 63, 1965 MHz, 100 %, 168851 MiB
2026/04/07 08:40:09.087, 4, 197.91 W, 33, 120 MHz, 0 %, 0 MiB
2026/04/07 08:40:09.087, 5, 195.31 W, 37, 120 MHz, 0 %, 0 MiB
2026/04/07 08:40:09.088, 6, 190.08 W, 33, 120 MHz, 0 %, 0 MiB
2026/04/07 08:40:09.088, 7, 195.27 W, 36, 120 MHz, 0 %, 0 MiB
2026/04/07 08:40:11.089, 0, 911.25 W, 55, 1965 MHz, 99 %, 168851 MiB
2026/04/07 08:40:11.089, 1, 940.56 W, 62, 1965 MHz, 100 %, 168721 MiB
2026/04/07 08:40:11.089, 2, 900.59 W, 55, 1965 MHz, 100 %, 168851 MiB
2026/04/07 08:40:11.090, 3, 921.88 W, 64, 1965 MHz, 99 %, 168851 MiB
2026/04/07 08:40:11.090, 4, 197.88 W, 33, 120 MHz, 0 %, 0 MiB
2026/04/07 08:40:11.090, 5, 195.30 W, 37, 120 MHz, 0 %, 0 MiB
2026/04/07 08:40:11.091, 6, 189.97 W, 33, 120 MHz, 0 %, 0 MiB
2026/04/07 08:40:11.091, 7, 195.28 W, 36, 120 MHz, 0 %, 0 MiB
2026/04/07 08:40:13.091, 0, 909.15 W, 54, 1965 MHz, 100 %, 168851 MiB
2026/04/07 08:40:13.092, 1, 934.65 W, 61, 1965 MHz, 100 %, 168721 MiB
2026/04/07 08:40:13.092, 2, 898.06 W, 54, 1965 MHz, 100 %, 168851 MiB
2026/04/07 08:40:13.093, 3, 917.05 W, 64, 1965 MHz, 100 %, 168851 MiB
2026/04/07 08:40:13.093, 4, 197.87 W, 33, 120 MHz, 0 %, 0 MiB
2026/04/07 08:40:13.093, 5, 195.21 W, 37, 120 MHz, 0 %, 0 MiB
2026/04/07 08:40:13.094, 6, 190.09 W, 33, 120 MHz, 0 %, 0 MiB
2026/04/07 08:40:13.094, 7, 195.29 W, 36, 120 MHz, 0 %, 0 MiB
2026/04/07 08:40:15.094, 0, 913.98 W, 54, 1965 MHz, 100 %, 168851 MiB
2026/04/07 08:40:15.095, 1, 937.75 W, 61, 1965 MHz, 100 %, 168721 MiB
2026/04/07 08:40:15.095, 2, 903.07 W, 54, 1965 MHz, 100 %, 168851 MiB
2026/04/07 08:40:15.096, 3, 924.69 W, 64, 1965 MHz, 100 %, 168851 MiB
2026/04/07 08:40:15.096, 4, 197.91 W, 33, 120 MHz, 0 %, 0 MiB
2026/04/07 08:40:15.096, 5, 195.21 W, 37, 120 MHz, 0 %, 0 MiB
2026/04/07 08:40:15.097, 6, 190.09 W, 33, 120 MHz, 0 %, 0 MiB
2026/04/07 08:40:15.097, 7, 195.26 W, 36, 120 MHz, 0 %, 0 MiB
2026/04/07 08:40:17.097, 0, 914.54 W, 55, 1965 MHz, 100 %, 168851 MiB
2026/04/07 08:40:17.098, 1, 936.64 W, 61, 1965 MHz, 100 %, 168721 MiB
2026/04/07 08:40:17.098, 2, 898.83 W, 54, 1965 MHz, 100 %, 168851 MiB
2026/04/07 08:40:17.099, 3, 918.19 W, 64, 1965 MHz, 100 %, 168851 MiB
2026/04/07 08:40:17.099, 4, 197.98 W, 33, 120 MHz, 0 %, 0 MiB
2026/04/07 08:40:17.099, 5, 195.20 W, 36, 120 MHz, 0 %, 0 MiB
2026/04/07 08:40:17.100, 6, 190.11 W, 33, 120 MHz, 0 %, 0 MiB
2026/04/07 08:40:17.100, 7, 195.25 W, 36, 120 MHz, 0 %, 0 MiB
2026/04/07 08:40:19.101, 0, 907.74 W, 55, 1965 MHz, 100 %, 168851 MiB
2026/04/07 08:40:19.101, 1, 942.25 W, 61, 1965 MHz, 100 %, 168721 MiB
2026/04/07 08:40:19.101, 2, 903.25 W, 54, 1965 MHz, 100 %, 168851 MiB
2026/04/07 08:40:19.102, 3, 922.78 W, 64, 1965 MHz, 100 %, 168851 MiB
2026/04/07 08:40:19.102, 4, 197.85 W, 33, 120 MHz, 0 %, 0 MiB
2026/04/07 08:40:19.103, 5, 195.25 W, 36, 120 MHz, 0 %, 0 MiB
2026/04/07 08:40:19.103, 6, 190.00 W, 33, 120 MHz, 0 %, 0 MiB
2026/04/07 08:40:19.103, 7, 195.27 W, 36, 120 MHz, 0 %, 0 MiB
2026/04/07 08:40:21.104, 0, 917.30 W, 56, 1965 MHz, 100 %, 168851 MiB
2026/04/07 08:40:21.104, 1, 949.23 W, 61, 1965 MHz, 100 %, 168721 MiB
2026/04/07 08:40:21.104, 2, 909.46 W, 56, 1965 MHz, 100 %, 168851 MiB
2026/04/07 08:40:21.105, 3, 928.22 W, 64, 1965 MHz, 100 %, 168851 MiB
2026/04/07 08:40:21.105, 4, 197.82 W, 33, 120 MHz, 0 %, 0 MiB
2026/04/07 08:40:21.106, 5, 195.22 W, 36, 120 MHz, 0 %, 0 MiB
2026/04/07 08:40:21.106, 6, 190.07 W, 33, 120 MHz, 0 %, 0 MiB
2026/04/07 08:40:21.106, 7, 195.27 W, 36, 120 MHz, 0 %, 0 MiB
2026/04/07 08:40:23.107, 0, 901.90 W, 55, 1965 MHz, 99 %, 168851 MiB
2026/04/07 08:40:23.107, 1, 932.11 W, 61, 1965 MHz, 95 %, 168721 MiB
2026/04/07 08:40:23.108, 2, 893.70 W, 54, 1965 MHz, 98 %, 168851 MiB
2026/04/07 08:40:23.108, 3, 911.02 W, 64, 1965 MHz, 100 %, 168851 MiB
2026/04/07 08:40:23.108, 4, 197.93 W, 33, 120 MHz, 0 %, 0 MiB
2026/04/07 08:40:23.109, 5, 195.17 W, 36, 120 MHz, 0 %, 0 MiB
2026/04/07 08:40:23.109, 6, 190.06 W, 33, 120 MHz, 0 %, 0 MiB
2026/04/07 08:40:23.109, 7, 195.28 W, 36, 120 MHz, 0 %, 0 MiB
2026/04/07 08:40:25.110, 0, 918.29 W, 56, 1965 MHz, 99 %, 168851 MiB
2026/04/07 08:40:25.110, 1, 941.26 W, 63, 1927 MHz, 99 %, 168721 MiB
2026/04/07 08:40:25.111, 2, 897.43 W, 56, 1965 MHz, 99 %, 168851 MiB
2026/04/07 08:40:25.111, 3, 923.34 W, 65, 1935 MHz, 100 %, 168851 MiB
2026/04/07 08:40:25.111, 4, 197.89 W, 32, 120 MHz, 0 %, 0 MiB
2026/04/07 08:40:25.112, 5, 195.18 W, 36, 120 MHz, 0 %, 0 MiB
2026/04/07 08:40:25.113, 6, 190.11 W, 33, 120 MHz, 0 %, 0 MiB
2026/04/07 08:40:25.113, 7, 195.26 W, 36, 120 MHz, 0 %, 0 MiB
2026/04/07 08:40:27.113, 0, 898.88 W, 54, 1965 MHz, 100 %, 168851 MiB
2026/04/07 08:40:27.114, 1, 926.31 W, 61, 1965 MHz, 99 %, 168721 MiB
2026/04/07 08:40:27.114, 2, 882.47 W, 54, 1965 MHz, 96 %, 168851 MiB
2026/04/07 08:40:27.115, 3, 903.92 W, 64, 1965 MHz, 89 %, 168851 MiB
2026/04/07 08:40:27.115, 4, 197.80 W, 33, 120 MHz, 0 %, 0 MiB
2026/04/07 08:40:27.116, 5, 195.17 W, 36, 120 MHz, 0 %, 0 MiB
2026/04/07 08:40:27.116, 6, 190.12 W, 33, 120 MHz, 0 %, 0 MiB
2026/04/07 08:40:27.116, 7, 195.26 W, 36, 120 MHz, 0 %, 0 MiB
2026/04/07 08:40:29.117, 0, 898.87 W, 54, 1965 MHz, 100 %, 168851 MiB
2026/04/07 08:40:29.117, 1, 923.96 W, 61, 1965 MHz, 100 %, 168721 MiB
2026/04/07 08:40:29.118, 2, 887.01 W, 54, 1965 MHz, 100 %, 168851 MiB
2026/04/07 08:40:29.118, 3, 908.90 W, 64, 1965 MHz, 100 %, 168851 MiB
2026/04/07 08:40:29.118, 4, 197.84 W, 32, 120 MHz, 0 %, 0 MiB
2026/04/07 08:40:29.119, 5, 195.25 W, 36, 120 MHz, 0 %, 0 MiB
2026/04/07 08:40:29.119, 6, 190.05 W, 33, 120 MHz, 0 %, 0 MiB
2026/04/07 08:40:29.119, 7, 195.28 W, 36, 120 MHz, 0 %, 0 MiB
2026/04/07 08:40:31.120, 0, 897.98 W, 54, 1965 MHz, 100 %, 168851 MiB
2026/04/07 08:40:31.120, 1, 929.91 W, 61, 1965 MHz, 100 %, 168721 MiB
2026/04/07 08:40:31.121, 2, 890.48 W, 55, 1965 MHz, 100 %, 168851 MiB
2026/04/07 08:40:31.121, 3, 911.18 W, 64, 1965 MHz, 100 %, 168851 MiB
2026/04/07 08:40:31.121, 4, 197.86 W, 32, 120 MHz, 0 %, 0 MiB
2026/04/07 08:40:31.122, 5, 195.18 W, 36, 120 MHz, 0 %, 0 MiB
2026/04/07 08:40:31.122, 6, 190.06 W, 33, 120 MHz, 0 %, 0 MiB
2026/04/07 08:40:31.122, 7, 195.28 W, 36, 120 MHz, 0 %, 0 MiB
2026/04/07 08:40:33.123, 0, 900.68 W, 54, 1965 MHz, 100 %, 168851 MiB
2026/04/07 08:40:33.123, 1, 931.75 W, 61, 1965 MHz, 100 %, 168721 MiB
2026/04/07 08:40:33.124, 2, 893.64 W, 54, 1965 MHz, 100 %, 168851 MiB
2026/04/07 08:40:33.124, 3, 914.41 W, 64, 1965 MHz, 100 %, 168851 MiB
2026/04/07 08:40:33.124, 4, 197.77 W, 32, 120 MHz, 0 %, 0 MiB
2026/04/07 08:40:33.125, 5, 195.18 W, 36, 120 MHz, 0 %, 0 MiB
2026/04/07 08:40:33.125, 6, 190.12 W, 33, 120 MHz, 0 %, 0 MiB
2026/04/07 08:40:33.125, 7, 195.34 W, 36, 120 MHz, 0 %, 0 MiB
2026/04/07 08:40:35.126, 0, 894.87 W, 54, 1965 MHz, 100 %, 168851 MiB
2026/04/07 08:40:35.127, 1, 922.14 W, 61, 1965 MHz, 100 %, 168721 MiB
2026/04/07 08:40:35.127, 2, 881.94 W, 54, 1965 MHz, 100 %, 168851 MiB
2026/04/07 08:40:35.127, 3, 903.72 W, 64, 1965 MHz, 100 %, 168851 MiB
2026/04/07 08:40:35.128, 4, 197.90 W, 32, 120 MHz, 0 %, 0 MiB
2026/04/07 08:40:35.128, 5, 195.29 W, 36, 120 MHz, 0 %, 0 MiB
2026/04/07 08:40:35.128, 6, 190.06 W, 33, 120 MHz, 0 %, 0 MiB
2026/04/07 08:40:35.128, 7, 195.30 W, 36, 120 MHz, 0 %, 0 MiB
2026/04/07 08:40:37.129, 0, 898.46 W, 54, 1965 MHz, 100 %, 168851 MiB
2026/04/07 08:40:37.129, 1, 923.63 W, 61, 1965 MHz, 100 %, 168721 MiB
2026/04/07 08:40:37.130, 2, 884.21 W, 54, 1965 MHz, 100 %, 168851 MiB
2026/04/07 08:40:37.130, 3, 904.91 W, 64, 1965 MHz, 100 %, 168851 MiB
2026/04/07 08:40:37.131, 4, 197.89 W, 32, 120 MHz, 0 %, 0 MiB
2026/04/07 08:40:37.131, 5, 195.15 W, 36, 120 MHz, 0 %, 0 MiB
2026/04/07 08:40:37.131, 6, 190.12 W, 33, 120 MHz, 0 %, 0 MiB
2026/04/07 08:40:37.132, 7, 195.28 W, 36, 120 MHz, 0 %, 0 MiB
2026/04/07 08:40:39.132, 0, 904.11 W, 54, 1965 MHz, 100 %, 168851 MiB
2026/04/07 08:40:39.133, 1, 929.78 W, 61, 1965 MHz, 100 %, 168721 MiB
2026/04/07 08:40:39.133, 2, 892.54 W, 54, 1965 MHz, 100 %, 168851 MiB
2026/04/07 08:40:39.133, 3, 915.10 W, 64, 1965 MHz, 100 %, 168851 MiB
2026/04/07 08:40:39.134, 4, 197.82 W, 32, 120 MHz, 0 %, 0 MiB
2026/04/07 08:40:39.134, 5, 195.27 W, 36, 120 MHz, 0 %, 0 MiB
2026/04/07 08:40:39.134, 6, 190.05 W, 33, 120 MHz, 0 %, 0 MiB
2026/04/07 08:40:39.135, 7, 195.30 W, 36, 120 MHz, 0 %, 0 MiB
2026/04/07 08:40:41.135, 0, 912.91 W, 56, 1965 MHz, 99 %, 168851 MiB
2026/04/07 08:40:41.135, 1, 924.37 W, 61, 1965 MHz, 100 %, 168721 MiB
2026/04/07 08:40:41.136, 2, 906.28 W, 56, 1965 MHz, 100 %, 168851 MiB
2026/04/07 08:40:41.136, 3, 912.18 W, 64, 1965 MHz, 100 %, 168851 MiB
2026/04/07 08:40:41.137, 4, 197.77 W, 32, 120 MHz, 0 %, 0 MiB
2026/04/07 08:40:41.137, 5, 195.29 W, 36, 120 MHz, 0 %, 0 MiB
2026/04/07 08:40:41.137, 6, 190.05 W, 33, 120 MHz, 0 %, 0 MiB
2026/04/07 08:40:41.138, 7, 195.30 W, 36, 120 MHz, 0 %, 0 MiB
2026/04/07 08:40:43.138, 0, 907.27 W, 55, 1965 MHz, 100 %, 168851 MiB
2026/04/07 08:40:43.139, 1, 926.63 W, 62, 1965 MHz, 100 %, 168721 MiB
2026/04/07 08:40:43.139, 2, 897.95 W, 54, 1965 MHz, 100 %, 168851 MiB
2026/04/07 08:40:43.139, 3, 917.68 W, 64, 1965 MHz, 100 %, 168851 MiB
2026/04/07 08:40:43.140, 4, 197.76 W, 32, 120 MHz, 0 %, 0 MiB
2026/04/07 08:40:43.140, 5, 195.16 W, 36, 120 MHz, 0 %, 0 MiB
2026/04/07 08:40:43.140, 6, 189.99 W, 33, 120 MHz, 0 %, 0 MiB
2026/04/07 08:40:43.141, 7, 195.26 W, 36, 120 MHz, 0 %, 0 MiB
2026/04/07 08:40:45.141, 0, 918.08 W, 55, 1965 MHz, 100 %, 168851 MiB
2026/04/07 08:40:45.142, 1, 933.97 W, 62, 1965 MHz, 100 %, 168721 MiB
2026/04/07 08:40:45.142, 2, 902.45 W, 55, 1965 MHz, 100 %, 168851 MiB
2026/04/07 08:40:45.142, 3, 923.58 W, 64, 1965 MHz, 100 %, 168851 MiB
2026/04/07 08:40:45.143, 4, 197.84 W, 32, 120 MHz, 0 %, 0 MiB
2026/04/07 08:40:45.143, 5, 195.20 W, 36, 120 MHz, 0 %, 0 MiB
2026/04/07 08:40:45.143, 6, 189.95 W, 33, 120 MHz, 0 %, 0 MiB
2026/04/07 08:40:45.144, 7, 195.24 W, 36, 120 MHz, 0 %, 0 MiB
2026/04/07 08:40:47.144, 0, 901.84 W, 54, 1965 MHz, 100 %, 168851 MiB
2026/04/07 08:40:47.144, 1, 930.34 W, 61, 1965 MHz, 100 %, 168721 MiB
2026/04/07 08:40:47.145, 2, 887.66 W, 54, 1965 MHz, 100 %, 168851 MiB
2026/04/07 08:40:47.145, 3, 907.98 W, 64, 1965 MHz, 100 %, 168851 MiB
2026/04/07 08:40:47.146, 4, 197.74 W, 32, 120 MHz, 0 %, 0 MiB
2026/04/07 08:40:47.146, 5, 195.14 W, 36, 120 MHz, 0 %, 0 MiB
2026/04/07 08:40:47.146, 6, 189.98 W, 33, 120 MHz, 0 %, 0 MiB
2026/04/07 08:40:47.146, 7, 195.30 W, 36, 120 MHz, 0 %, 0 MiB
2026/04/07 08:40:49.147, 0, 908.86 W, 54, 1965 MHz, 100 %, 168851 MiB
2026/04/07 08:40:49.147, 1, 926.29 W, 61, 1965 MHz, 100 %, 168721 MiB
2026/04/07 08:40:49.148, 2, 892.17 W, 54, 1965 MHz, 100 %, 168851 MiB
2026/04/07 08:40:49.148, 3, 906.70 W, 64, 1965 MHz, 100 %, 168851 MiB
2026/04/07 08:40:49.149, 4, 197.74 W, 32, 120 MHz, 0 %, 0 MiB
2026/04/07 08:40:49.149, 5, 195.25 W, 36, 120 MHz, 0 %, 0 MiB
2026/04/07 08:40:49.149, 6, 189.94 W, 33, 120 MHz, 0 %, 0 MiB
2026/04/07 08:40:49.149, 7, 195.28 W, 36, 120 MHz, 0 %, 0 MiB
2026/04/07 08:40:51.150, 0, 897.33 W, 54, 1965 MHz, 100 %, 168851 MiB
2026/04/07 08:40:51.150, 1, 930.25 W, 61, 1965 MHz, 100 %, 168721 MiB
2026/04/07 08:40:51.151, 2, 893.58 W, 54, 1965 MHz, 100 %, 168851 MiB
2026/04/07 08:40:51.151, 3, 910.84 W, 64, 1965 MHz, 100 %, 168851 MiB
2026/04/07 08:40:51.152, 4, 197.74 W, 32, 120 MHz, 0 %, 0 MiB
2026/04/07 08:40:51.152, 5, 195.17 W, 36, 120 MHz, 0 %, 0 MiB
2026/04/07 08:40:51.152, 6, 189.99 W, 33, 120 MHz, 0 %, 0 MiB
2026/04/07 08:40:51.153, 7, 195.21 W, 36, 120 MHz, 0 %, 0 MiB
2026/04/07 08:40:53.153, 0, 898.91 W, 55, 1965 MHz, 100 %, 168851 MiB
2026/04/07 08:40:53.154, 1, 932.87 W, 61, 1965 MHz, 100 %, 168721 MiB
2026/04/07 08:40:53.154, 2, 891.07 W, 54, 1965 MHz, 100 %, 168851 MiB
2026/04/07 08:40:53.154, 3, 912.17 W, 64, 1965 MHz, 100 %, 168851 MiB
2026/04/07 08:40:53.155, 4, 197.81 W, 32, 120 MHz, 0 %, 0 MiB
2026/04/07 08:40:53.155, 5, 195.16 W, 36, 120 MHz, 0 %, 0 MiB
2026/04/07 08:40:53.155, 6, 190.07 W, 32, 120 MHz, 0 %, 0 MiB
2026/04/07 08:40:53.156, 7, 195.16 W, 36, 120 MHz, 0 %, 0 MiB
2026/04/07 08:40:55.156, 0, 907.93 W, 55, 1965 MHz, 100 %, 168851 MiB
2026/04/07 08:40:55.166, 1, 933.46 W, 61, 1965 MHz, 100 %, 168721 MiB
2026/04/07 08:40:55.166, 2, 899.05 W, 54, 1965 MHz, 100 %, 168851 MiB
2026/04/07 08:40:55.167, 3, 917.10 W, 64, 1965 MHz, 100 %, 168851 MiB
2026/04/07 08:40:55.167, 4, 197.77 W, 32, 120 MHz, 0 %, 0 MiB
2026/04/07 08:40:55.167, 5, 195.14 W, 36, 120 MHz, 0 %, 0 MiB
2026/04/07 08:40:55.168, 6, 189.90 W, 32, 120 MHz, 0 %, 0 MiB
2026/04/07 08:40:55.168, 7, 195.18 W, 36, 120 MHz, 0 %, 0 MiB
2026/04/07 08:40:57.168, 0, 901.38 W, 55, 1965 MHz, 100 %, 168851 MiB
2026/04/07 08:40:57.169, 1, 926.88 W, 61, 1965 MHz, 100 %, 168721 MiB
2026/04/07 08:40:57.169, 2, 885.24 W, 54, 1965 MHz, 100 %, 168851 MiB
2026/04/07 08:40:57.170, 3, 917.13 W, 64, 1965 MHz, 100 %, 168851 MiB
2026/04/07 08:40:57.170, 4, 197.86 W, 32, 120 MHz, 0 %, 0 MiB
2026/04/07 08:40:57.170, 5, 195.16 W, 36, 120 MHz, 0 %, 0 MiB
2026/04/07 08:40:57.171, 6, 190.08 W, 32, 120 MHz, 0 %, 0 MiB
2026/04/07 08:40:57.171, 7, 195.20 W, 36, 120 MHz, 0 %, 0 MiB
2026/04/07 08:40:59.171, 0, 844.42 W, 54, 1965 MHz, 100 %, 168851 MiB
2026/04/07 08:40:59.172, 1, 884.45 W, 61, 1965 MHz, 100 %, 168721 MiB
2026/04/07 08:40:59.172, 2, 855.80 W, 53, 1965 MHz, 100 %, 168851 MiB
2026/04/07 08:40:59.173, 3, 878.76 W, 63, 1965 MHz, 100 %, 168851 MiB
2026/04/07 08:40:59.173, 4, 197.79 W, 32, 120 MHz, 0 %, 0 MiB
2026/04/07 08:40:59.173, 5, 195.16 W, 36, 120 MHz, 0 %, 0 MiB
2026/04/07 08:40:59.174, 6, 189.99 W, 32, 120 MHz, 0 %, 0 MiB
2026/04/07 08:40:59.174, 7, 195.21 W, 36, 120 MHz, 0 %, 0 MiB
2026/04/07 08:41:01.174, 0, 800.59 W, 53, 1965 MHz, 100 %, 168851 MiB
2026/04/07 08:41:01.175, 1, 829.97 W, 60, 1965 MHz, 100 %, 168721 MiB
2026/04/07 08:41:01.175, 2, 799.78 W, 52, 1965 MHz, 100 %, 168851 MiB
2026/04/07 08:41:01.176, 3, 811.27 W, 62, 1965 MHz, 100 %, 168851 MiB
2026/04/07 08:41:01.176, 4, 197.69 W, 32, 120 MHz, 0 %, 0 MiB
2026/04/07 08:41:01.176, 5, 195.16 W, 36, 120 MHz, 0 %, 0 MiB
2026/04/07 08:41:01.177, 6, 189.87 W, 32, 120 MHz, 0 %, 0 MiB
2026/04/07 08:41:01.177, 7, 195.21 W, 36, 120 MHz, 0 %, 0 MiB
2026/04/07 08:41:03.177, 0, 678.67 W, 51, 1965 MHz, 100 %, 168851 MiB
2026/04/07 08:41:03.178, 1, 708.92 W, 58, 1965 MHz, 100 %, 168721 MiB
2026/04/07 08:41:03.178, 2, 685.97 W, 50, 1965 MHz, 100 %, 168851 MiB
2026/04/07 08:41:03.179, 3, 691.10 W, 60, 1965 MHz, 100 %, 168851 MiB
2026/04/07 08:41:03.179, 4, 197.74 W, 32, 120 MHz, 0 %, 0 MiB
2026/04/07 08:41:03.179, 5, 195.15 W, 36, 120 MHz, 0 %, 0 MiB
2026/04/07 08:41:03.180, 6, 189.88 W, 32, 120 MHz, 0 %, 0 MiB
2026/04/07 08:41:03.180, 7, 195.23 W, 36, 120 MHz, 0 %, 0 MiB
2026/04/07 08:41:05.180, 0, 481.78 W, 48, 1965 MHz, 100 %, 168851 MiB
2026/04/07 08:41:05.181, 1, 502.90 W, 55, 1965 MHz, 100 %, 168721 MiB
2026/04/07 08:41:05.181, 2, 472.91 W, 47, 1965 MHz, 100 %, 168851 MiB
2026/04/07 08:41:05.182, 3, 481.10 W, 57, 1965 MHz, 100 %, 168851 MiB
2026/04/07 08:41:05.182, 4, 197.68 W, 32, 120 MHz, 0 %, 0 MiB
2026/04/07 08:41:05.182, 5, 195.18 W, 36, 120 MHz, 0 %, 0 MiB
2026/04/07 08:41:05.183, 6, 189.88 W, 32, 120 MHz, 0 %, 0 MiB
2026/04/07 08:41:05.183, 7, 195.22 W, 36, 120 MHz, 0 %, 0 MiB
